a0410b,a0410c,a0410d,a0410e,a0410f,a0502a,a0502c,a0502d,a0410a,a0404,a0405aa,a0405b,a0406,A0408A,A0408B,A0408C,A0408D,A0408E,a0409,a0409a,a0405m,a0405a,edad,sexo
2,2,2,2,2,2,2,2,2,2,0,0,3,5,0,0,0,0,4,1,0,0,41,2
2,2,2,2,2,1,2,2,1,1,1,1,11,5,0,0,0,0,3,1,0,4,49,1
2,2,2,2,2,2,2,2,2,1,2,0,1,5,0,0,0,0,4,1,0,18,59,2
2,2,2,2,2,2,2,2,2,1,2,0,1,2,0,0,0,0,3,3,6,0,49,1
2,2,2,2,2,2,2,2,2,1,1,2,0,5,0,0,0,0,5,0,0,4,48,2
2,2,2,2,2,2,2,2,2,1,2,0,12,1,0,0,0,0,3,12,0,5,52,2
2,2,2,2,2,2,2,2,2,1,1,2,1,1,2,0,0,0,3,1,0,13,43,2
2,2,2,2,2,2,2,2,2,1,2,0,1,1,2,0,0,0,1,1,0,18,55,2
2,2,2,2,2,2,2,2,2,2,0,0,0,5,0,0,0,0,3,1,0,0,33,1
2,2,2,2,2,2,2,2,2,1,2,0,0,1,2,0,0,0,2,2,0,13,42,1
2,1,1,1,1,2,2,2,1,1,2,0,1,1,3,0,0,0,3,2,0,15,69,2
2,2,2,2,2,2,2,2,2,1,2,0,4,5,0,0,0,0,3,3,0,9,59,2
2,2,2,2,2,2,2,2,2,1,1,2,0,5,0,0,0,0,3,3,6,1,64,1
2,2,2,2,2,2,2,2,2,1,2,0,0,1,0,0,0,0,5,0,0,2,66,1
2,2,2,2,2,2,2,2,2,1,1,2,3,1,0,0,0,0,1,3,2,0,60,1
2,2,2,2,2,2,2,2,2,2,0,0,0,5,0,0,0,0,5,0,0,0,20,2
2,2,2,2,2,2,2,2,2,2,0,0,0,1,0,0,0,0,4,2,0,0,39,1
2,2,2,2,2,2,2,2,2,1,2,0,1,1,0,0,0,0,1,1,0,20,69,1
2,2,2,2,2,2,2,2,2,1,2,0,8,3,0,0,0,0,1,1,99,3,56,2
2,2,2,2,2,2,2,2,2,1,2,0,0,5,0,0,0,0,5,0,0,5,52,1
2,2,2,2,2,2,2,2,2,1,2,0,12,1,2,3,0,0,3,1,0,21,61,2
2,2,2,2,2,2,2,2,2,2,0,0,0,5,0,0,0,0,5,0,0,0,48,2
0,0,0,0,0,2,2,2,0,2,0,0,0,5,0,0,0,0,3,2,0,0,34,2
2,2,2,2,2,2,2,2,2,1,2,0,1,1,3,0,0,0,3,1,0,5,69,2
2,2,2,2,2,2,2,2,1,1,2,0,0,1,3,0,0,0,1,1,0,20,69,2
2,2,2,2,2,2,2,2,2,1,1,2,8,5,0,0,0,0,3,1,0,6,29,1
2,2,2,2,2,2,2,2,2,1,2,0,11,1,0,0,0,0,1,1,0,8,60,2
2,1,2,2,2,1,2,2,1,1,1,2,0,5,0,0,0,0,5,0,4,0,61,2
2,2,2,2,2,2,2,2,2,1,2,0,0,5,0,0,0,0,3,1,0,10,40,2
2,2,2,2,2,2,2,2,1,1,2,0,7,1,0,0,0,0,2,1,11,20,64,2
2,2,2,2,2,2,2,2,1,2,0,0,0,2,0,0,0,0,5,0,0,0,58,1
2,2,2,2,2,2,2,2,2,1,2,0,0,1,0,0,0,0,2,1,11,4,20,2
2,2,2,2,2,2,2,2,1,1,1,2,0,5,0,0,0,0,5,0,11,10,60,2
2,2,2,1,1,2,2,2,1,1,1,2,2,5,0,0,0,0,1,1,0,3,57,2
2,2,2,2,2,2,2,2,2,1,2,0,12,5,0,0,0,0,1,1,0,16,75,2
2,2,2,2,2,2,1,2,1,1,2,0,4,5,0,0,0,0,1,1,0,6,83,1
2,2,2,2,2,2,2,2,2,1,2,0,12,3,0,0,0,0,3,12,0,6,50,2
2,2,2,2,2,2,2,2,2,1,2,0,0,3,0,0,0,0,4,4,0,15,72,2
2,2,2,2,2,2,2,2,2,1,2,0,10,3,0,0,0,0,1,1,10,24,84,2
2,2,2,2,2,2,2,2,1,1,1,4,0,5,0,0,0,0,3,1,11,1,49,2
2,2,2,2,2,2,2,2,2,1,2,0,0,1,3,0,0,0,5,0,0,33,67,2
2,2,2,2,2,2,2,2,2,2,0,0,3,5,0,0,0,0,3,1,0,0,62,2
2,2,2,2,2,2,2,2,2,1,2,0,0,5,0,0,0,0,5,0,5,1,66,2
2,2,2,2,2,2,2,2,2,2,0,0,0,5,0,0,0,0,3,10,0,0,59,1
2,2,2,2,2,2,2,2,2,1,1,2,2,5,0,0,0,0,4,10,0,2,46,2
2,2,2,2,2,2,2,2,2,1,2,0,0,5,0,0,0,0,3,12,0,3,49,2
2,2,2,2,2,2,2,2,2,1,2,0,0,3,0,0,0,0,3,1,0,4,51,1
2,2,2,2,2,2,2,2,2,2,0,0,0,5,0,0,0,0,3,1,0,0,44,2
2,2,2,2,2,2,2,2,2,1,2,0,12,5,0,0,0,0,3,1,0,20,67,2
2,2,2,2,2,2,2,2,2,1,1,2,6,5,0,0,0,0,4,6,0,8,76,2
2,2,2,2,2,2,2,2,2,1,1,1,0,5,0,0,0,0,5,0,0,1,48,1
2,2,2,2,2,2,2,2,2,1,2,0,11,5,0,0,0,0,2,2,0,2,77,1
2,2,2,2,2,2,2,2,2,2,0,0,0,5,0,0,0,0,5,0,0,0,52,1
2,2,2,2,2,2,2,2,2,1,2,0,0,5,0,0,0,0,3,12,0,20,56,2
2,2,2,2,2,1,2,2,2,1,2,0,2,3,0,0,0,0,2,1,6,0,51,2
2,2,2,2,2,2,2,2,2,1,1,1,99,5,0,0,0,0,4,5,0,15,42,2
2,2,2,2,2,2,2,2,2,1,2,0,12,5,0,0,0,0,3,12,0,31,46,2
2,2,2,2,2,2,2,2,2,1,2,0,0,5,0,0,0,0,2,2,0,1,45,1
2,2,2,2,2,2,2,2,1,1,2,0,11,5,0,0,0,0,3,1,0,1,36,2
2,2,2,2,2,2,2,2,2,1,1,2,4,1,3,0,0,0,3,4,0,15,68,2
2,2,2,2,2,2,2,2,2,1,1,1,1,5,0,0,0,0,2,1,0,4,69,1
2,2,1,2,2,2,2,2,2,2,0,0,0,5,0,0,0,0,3,11,0,0,53,2
2,2,2,2,2,2,2,2,2,1,2,0,0,5,0,0,0,0,3,1,0,6,71,1
2,2,2,2,2,2,2,2,2,1,2,0,10,1,0,0,0,0,3,1,0,7,48,2
2,2,2,2,2,2,2,2,1,1,2,0,0,1,0,0,0,0,2,1,11,10,84,1
2,2,2,2,2,2,2,2,2,2,0,0,0,5,0,0,0,0,4,4,0,0,35,2
2,2,2,2,2,2,2,2,2,1,2,0,12,5,0,0,0,0,4,12,0,10,41,2
2,2,2,2,2,2,2,2,2,1,2,0,4,2,3,0,0,0,1,1,0,20,83,1
2,2,2,2,2,2,2,2,2,1,2,0,0,5,0,0,0,0,5,0,0,3,58,2
2,2,2,2,2,2,2,2,2,1,2,0,0,5,0,0,0,0,5,0,0,2,74,2
2,2,2,2,2,2,2,2,2,1,2,0,8,1,0,0,0,0,3,2,6,0,36,1
2,2,2,2,2,2,2,2,2,1,2,0,2,5,0,0,0,0,4,1,0,5,53,2
2,2,2,2,2,2,2,2,1,1,2,0,12,1,0,0,0,0,3,1,0,13,62,2
2,2,2,2,2,2,2,2,2,1,1,4,12,5,0,0,0,0,3,12,0,4,47,1
2,2,2,2,2,2,2,2,2,1,2,0,6,5,0,0,0,0,3,1,0,3,82,2
2,2,2,2,2,2,2,2,2,1,2,0,12,5,0,0,0,0,3,1,2,25,64,2
2,2,2,2,2,2,2,2,2,1,2,0,12,1,0,0,0,0,3,12,0,25,79,1
2,2,2,2,2,2,2,2,2,1,2,0,0,1,3,0,0,0,1,2,6,12,62,2
2,2,2,2,2,2,2,2,2,1,2,0,8,1,3,0,0,0,3,12,0,20,81,2
2,2,2,2,2,2,2,2,2,1,2,0,12,1,0,0,0,0,3,1,0,2,66,2
2,2,2,2,2,2,2,2,2,1,2,0,12,1,2,3,0,0,1,1,0,20,67,2
2,2,2,2,2,2,2,2,2,1,2,0,12,1,0,0,0,0,4,12,0,2,80,2
2,2,2,2,2,2,2,2,2,1,2,0,1,1,2,0,0,0,1,2,6,6,63,1
2,2,2,2,2,2,2,2,2,1,2,0,0,5,0,0,0,0,5,0,0,3,66,1
2,2,2,2,2,2,2,2,2,1,2,0,0,5,0,0,0,0,4,12,0,3,53,2
2,2,2,2,2,1,1,1,2,1,2,0,11,5,0,0,0,0,3,1,2,0,75,2
2,2,2,2,2,2,2,2,2,1,2,0,0,1,0,0,0,0,2,2,6,0,46,1
2,2,2,2,2,2,2,2,2,1,2,0,5,1,0,0,0,0,4,6,0,30,55,2
2,2,2,2,2,2,2,2,2,1,1,2,12,1,0,0,0,0,3,12,0,5,57,2
2,2,2,2,2,2,2,2,2,1,2,0,12,1,0,0,0,0,3,12,0,3,70,1
2,1,2,2,2,1,2,2,2,1,2,0,13,1,0,0,0,0,3,12,0,10,74,1
2,2,2,2,2,2,2,2,2,2,0,0,0,5,0,0,0,0,5,0,0,0,37,1
2,2,2,2,2,2,2,2,2,1,2,0,12,5,0,0,0,0,3,12,0,10,51,1
0,0,0,0,0,2,2,2,0,2,0,0,0,5,0,0,0,0,3,3,0,0,29,2
2,2,2,2,2,2,2,2,2,1,2,0,1,1,3,0,0,0,1,1,1,3,44,2
2,2,2,2,2,2,2,2,2,1,2,0,7,3,0,0,0,0,3,7,7,0,43,2
2,2,2,2,2,2,2,2,2,1,1,1,1,1,2,3,0,0,1,2,3,1,68,2
2,1,2,2,2,1,2,2,2,1,2,0,0,1,2,3,0,0,2,5,10,1,56,1
2,2,2,2,2,2,2,2,2,1,2,0,12,2,0,0,0,0,3,1,5,5,56,2
2,2,2,2,2,2,2,2,2,1,1,2,12,1,2,0,0,0,3,1,6,2,49,2
2,2,2,2,2,1,2,2,2,1,2,0,12,5,0,0,0,0,4,12,0,2,46,2
2,2,2,2,2,2,2,2,1,1,2,0,12,1,0,0,0,0,3,12,11,30,77,2
2,2,2,2,2,2,2,2,2,1,1,2,0,3,0,0,0,0,5,0,11,2,67,2
2,2,2,2,2,2,2,2,1,1,1,2,1,5,0,0,0,0,2,50,0,10,61,1
2,2,2,2,2,2,2,2,2,2,0,0,0,5,0,0,0,0,5,0,0,0,23,2
2,2,2,2,2,2,2,2,2,1,1,1,0,5,0,0,0,0,3,12,10,10,50,2
2,2,2,2,2,2,2,2,2,1,2,0,0,5,0,0,0,0,3,1,0,1,24,2
2,2,2,2,2,2,2,2,2,1,2,0,2,1,0,0,0,0,3,1,2,0,37,2
2,2,2,2,2,2,2,2,2,1,2,0,0,5,0,0,0,0,2,4,6,0,45,1
2,2,2,2,2,2,2,2,2,1,1,1,5,5,0,0,0,0,5,0,11,1,55,2
2,2,2,2,2,2,2,2,1,1,1,1,12,1,2,0,0,0,3,12,11,5,53,2
2,2,2,2,2,2,2,2,2,1,2,0,0,5,0,0,0,0,3,12,0,14,52,2
2,2,2,2,2,2,2,2,2,2,0,0,1,5,0,0,0,0,3,13,0,0,49,1
2,2,2,2,2,2,2,2,2,1,2,0,2,5,0,0,0,0,3,1,0,1,34,1
2,2,2,2,2,2,2,2,2,1,2,0,5,5,0,0,0,0,3,1,0,10,57,2
2,2,2,2,2,2,2,2,2,1,2,0,0,2,0,0,0,0,3,12,11,9,49,1
2,2,2,2,2,2,2,2,2,1,2,0,12,1,2,3,0,0,3,12,11,14,34,2
2,2,2,2,2,2,2,2,2,1,1,1,12,5,0,0,0,0,3,12,0,10,64,1
2,2,2,1,2,2,2,2,2,1,1,2,1,5,0,0,0,0,3,2,0,1,39,1
2,2,2,2,2,2,2,2,1,2,0,0,0,5,0,0,0,0,5,0,0,0,46,2
1,1,1,1,1,1,1,2,2,1,1,3,6,5,0,0,0,0,3,6,11,9,71,1
2,2,2,2,2,2,2,2,2,1,1,1,12,5,0,0,0,0,3,12,0,1,48,2
2,2,2,2,2,2,2,2,2,2,0,0,0,5,0,0,0,0,3,7,0,0,25,2
2,2,2,2,2,2,2,2,2,2,0,0,0,5,0,0,0,0,5,0,0,0,53,1
2,2,2,2,2,2,2,2,2,2,0,0,0,5,0,0,0,0,5,0,0,0,50,1
2,2,2,2,2,2,2,2,2,1,2,0,12,1,2,0,0,0,3,1,0,23,82,2
2,2,1,2,2,2,2,2,2,1,1,4,0,2,0,0,0,0,1,2,10,10,60,2
2,2,2,1,2,2,1,2,1,1,2,0,12,5,0,0,0,0,1,1,0,1,61,2
2,2,2,2,2,2,2,2,2,1,2,0,1,5,0,0,0,0,2,2,2,0,49,2
2,2,2,2,2,2,2,2,2,1,2,0,12,1,0,0,0,0,3,1,0,25,70,1
2,2,2,2,2,2,2,2,2,1,2,0,12,5,0,0,0,0,4,4,0,10,69,1
2,1,2,1,2,1,2,2,2,1,2,0,12,1,0,0,0,0,1,1,0,15,81,2
2,2,2,2,2,2,2,2,1,1,1,2,12,5,0,0,0,0,2,12,0,10,61,2
2,2,2,2,2,2,2,2,2,2,0,0,0,5,0,0,0,0,2,3,0,0,44,2
2,2,2,2,2,2,2,2,2,1,2,0,0,1,2,3,0,0,2,1,0,4,55,1
2,2,2,2,2,2,2,2,2,2,0,0,0,1,2,0,0,0,3,1,0,0,34,2
2,2,2,2,2,2,2,2,2,1,2,0,0,5,0,0,0,0,1,1,0,37,69,2
0,0,0,0,0,2,2,2,0,2,0,0,0,5,0,0,0,0,5,0,0,0,39,2
2,2,2,2,2,2,2,2,2,1,1,1,0,5,0,0,0,0,5,0,0,33,58,1
2,2,2,2,2,2,2,2,2,1,2,0,0,1,0,0,0,0,2,2,0,1,65,1
0,0,0,0,0,2,2,2,0,2,0,0,0,5,0,0,0,0,2,4,0,0,32,2
2,2,2,2,2,2,2,2,2,1,1,1,12,5,0,0,0,0,3,1,0,8,60,2
2,2,2,2,2,2,2,2,2,2,0,0,2,4,0,0,0,0,1,2,0,0,72,2
2,2,2,2,2,2,2,2,2,2,0,0,0,5,0,0,0,0,5,0,0,0,35,1
2,2,2,2,2,2,2,2,2,1,2,0,12,1,0,0,0,0,2,1,1,0,68,2
2,2,2,2,2,2,2,2,2,1,2,0,0,5,0,0,0,0,4,2,0,1,55,2
2,2,2,2,2,2,2,2,2,1,2,0,12,5,0,0,0,0,3,1,0,4,71,2
2,2,2,2,2,2,2,2,1,2,0,0,3,1,3,0,0,0,3,2,0,0,62,1
2,2,1,2,2,2,2,2,1,2,0,0,0,3,0,0,0,0,5,0,0,0,54,1
2,2,2,2,2,2,1,2,1,1,2,0,0,5,0,0,0,0,2,2,0,12,35,2
2,2,2,2,2,2,2,2,2,1,1,1,3,5,0,0,0,0,2,6,0,17,63,2
2,2,2,2,2,2,2,2,2,1,2,0,99,5,0,0,0,0,4,1,0,10,83,2
2,2,2,2,2,2,2,2,2,1,2,0,1,5,0,0,0,0,4,5,0,5,65,2
2,2,2,2,2,2,2,2,1,1,1,2,0,3,0,0,0,0,4,5,0,15,51,2
2,2,2,2,2,2,2,2,2,1,1,1,0,5,0,0,0,0,2,3,0,10,63,2
2,2,2,2,2,2,2,2,2,1,2,0,0,3,4,0,0,0,2,1,3,0,64,2
2,2,2,2,2,2,2,2,2,2,0,0,0,5,0,0,0,0,5,0,0,0,41,1
0,0,0,0,0,2,2,2,0,2,0,0,0,5,0,0,0,0,4,2,0,0,22,2
2,2,2,2,2,2,2,2,2,2,0,0,0,5,0,0,0,0,3,1,0,0,65,2
2,2,2,2,2,2,2,2,2,1,1,2,0,1,0,0,0,0,2,1,6,1,55,2
2,2,2,2,2,2,2,2,2,1,2,0,11,5,0,0,0,0,2,1,0,15,73,2
2,2,2,2,2,2,2,2,2,1,2,0,12,5,0,0,0,0,3,12,0,3,67,1
2,2,2,2,2,2,2,2,2,1,1,1,12,5,0,0,0,0,3,1,1,2,63,2
2,2,2,2,2,2,2,2,2,2,0,0,3,2,0,0,0,0,2,2,0,0,52,2
2,2,2,2,2,2,2,2,2,1,2,0,12,3,0,0,0,0,3,1,5,0,79,2
2,1,2,2,2,1,2,2,2,1,2,0,12,5,0,0,0,0,1,2,0,15,73,2
2,2,2,2,2,2,2,2,2,1,1,2,1,5,0,0,0,0,3,8,1,0,63,2
2,2,2,2,2,2,2,2,2,1,2,0,12,1,2,3,0,0,3,2,0,8,72,2
2,2,2,2,2,2,2,2,2,1,2,0,0,1,0,0,0,0,3,1,4,0,73,1
2,2,2,2,2,2,2,2,2,1,1,1,2,5,0,0,0,0,3,1,0,5,59,2
2,2,2,2,2,2,2,2,2,1,1,1,2,5,0,0,0,0,2,1,0,10,62,2
2,2,2,2,2,2,2,2,2,2,0,0,0,5,0,0,0,0,4,2,0,0,66,1
2,1,2,2,2,1,2,2,2,1,1,2,0,2,0,0,0,0,5,0,1,10,63,1
2,2,2,2,2,2,2,2,2,1,2,0,12,3,4,0,0,0,3,12,0,15,74,1
2,2,2,2,2,2,2,2,2,1,2,0,12,5,0,0,0,0,3,12,0,11,71,2
2,2,2,2,2,2,2,2,2,1,1,4,0,5,0,0,0,0,4,48,0,6,63,1
2,2,2,2,2,2,2,2,2,1,2,0,1,5,0,0,0,0,3,1,0,8,57,2
2,2,2,2,2,2,2,2,2,1,2,0,3,5,0,0,0,0,3,3,4,0,42,2
2,2,2,2,2,2,2,2,2,1,1,1,4,5,0,0,0,0,4,4,0,19,59,2
2,2,2,2,2,2,2,2,2,2,0,0,0,5,0,0,0,0,3,1,0,0,62,2
2,2,2,2,2,2,2,2,2,1,2,0,2,1,0,0,0,0,3,1,0,10,63,1
2,2,2,1,2,2,2,2,2,1,1,1,1,5,0,0,0,0,5,0,6,0,37,1
2,2,2,2,2,2,2,2,1,1,2,0,12,5,0,0,0,0,2,1,0,24,69,1
2,2,2,2,2,2,2,2,2,2,0,0,2,5,0,0,0,0,5,0,0,0,42,1
2,2,2,2,2,2,2,2,2,1,2,0,12,5,0,0,0,0,4,12,0,5,49,2
2,2,2,2,1,2,2,2,1,1,1,2,6,5,0,0,0,0,2,2,0,1,63,2
2,2,2,1,1,1,2,2,2,2,0,0,1,1,0,0,0,0,3,1,0,0,53,1
2,2,2,2,2,2,2,2,2,1,2,0,0,1,0,0,0,0,3,1,2,30,65,2
2,2,2,2,2,2,2,2,2,1,2,0,0,5,0,0,0,0,2,50,0,15,70,1
2,1,2,2,2,1,1,2,1,1,2,0,12,5,0,0,0,0,3,1,0,29,63,1
2,2,2,2,2,2,2,2,2,1,2,0,12,1,0,0,0,0,3,12,0,25,70,2
2,2,2,2,2,2,2,2,2,1,1,1,12,5,0,0,0,0,4,12,0,5,66,2
2,2,1,2,2,2,2,2,2,1,2,0,12,1,2,0,0,0,3,1,10,10,62,1
2,2,2,2,2,2,2,2,2,1,2,0,0,5,0,0,0,0,3,1,0,11,61,1
2,2,2,2,2,2,2,2,2,1,2,0,3,5,0,0,0,0,4,3,0,26,76,2
2,2,2,2,2,2,2,2,2,2,0,0,0,5,0,0,0,0,5,0,0,0,30,2
2,2,2,2,2,2,2,2,2,1,2,0,11,5,0,0,0,0,3,11,0,25,56,2
2,2,2,2,2,2,2,2,2,1,2,0,11,1,3,0,0,0,3,12,6,10,47,2
2,2,2,2,2,2,2,2,1,1,2,0,6,1,3,0,0,0,3,2,0,31,67,2
2,2,2,2,2,2,2,2,1,1,1,1,0,1,0,0,0,0,4,3,0,18,75,2
2,2,2,2,2,2,2,2,2,2,0,0,0,1,2,3,0,0,2,3,0,0,60,1
2,2,2,2,2,2,2,2,1,1,1,1,0,2,0,0,0,0,3,1,0,3,54,2
2,2,2,2,2,2,2,2,2,1,2,0,6,5,0,0,0,0,3,1,0,4,70,2
2,2,2,2,2,2,1,2,2,2,0,0,0,2,0,0,0,0,2,2,0,0,28,1
2,2,2,2,2,2,2,2,2,1,1,2,3,1,0,0,0,0,3,6,6,1,46,2
0,0,0,0,0,2,2,2,0,2,0,0,0,5,0,0,0,0,3,2,0,0,24,2
2,2,2,2,2,2,1,2,1,1,1,2,3,5,0,0,0,0,2,3,0,2,62,2
2,2,2,2,2,1,2,2,1,1,2,0,99,5,0,0,0,0,3,12,99,16,66,1
2,2,2,2,2,2,2,2,2,1,2,0,6,2,0,0,0,0,3,6,11,10,62,1
2,2,2,2,2,2,2,2,2,2,0,0,2,2,0,0,0,0,3,2,0,0,27,2
2,2,2,2,2,2,2,2,2,1,2,0,9,3,0,0,0,0,3,9,0,15,78,2
2,2,2,2,2,2,2,2,2,1,2,0,6,5,0,0,0,0,3,6,11,3,80,2
2,2,2,2,2,2,2,2,2,1,1,2,9,5,0,0,0,0,3,1,0,15,57,2
2,2,2,2,2,2,2,2,2,1,2,0,0,3,0,0,0,0,3,1,11,3,35,1
2,2,2,2,2,2,2,2,2,1,2,0,4,2,0,0,0,0,4,4,0,12,67,2
2,2,2,2,2,2,2,2,1,1,2,0,11,5,0,0,0,0,3,1,11,0,68,2
2,2,2,1,2,2,2,2,2,1,1,2,12,5,0,0,0,0,3,1,0,2,49,1
2,2,2,2,2,2,2,2,1,1,2,0,12,5,0,0,0,0,3,1,0,20,63,1
2,2,2,2,2,2,2,2,2,1,2,0,0,5,0,0,0,0,4,2,0,10,48,2
2,2,2,2,1,2,2,2,1,1,1,1,0,1,0,0,0,0,4,3,0,8,46,2
2,2,2,2,2,2,2,2,2,1,2,0,12,5,0,0,0,0,3,1,99,5,75,2
2,2,2,2,2,2,2,2,2,1,2,0,3,5,0,0,0,0,4,3,0,6,67,1
2,2,2,2,2,1,2,2,2,2,0,0,0,5,0,0,0,0,1,1,0,0,64,2
2,2,2,2,2,2,2,2,1,1,2,0,11,5,0,0,0,0,3,11,0,7,68,2
2,2,2,2,2,2,2,2,2,2,0,0,0,5,0,0,0,0,4,5,0,0,45,2
2,2,2,2,2,2,2,2,2,1,2,0,0,1,0,0,0,0,2,1,0,3,56,2
2,2,2,1,2,2,2,2,1,1,1,2,3,1,2,0,0,0,1,1,0,5,43,2
2,2,2,2,2,2,2,2,1,1,1,2,3,1,0,0,0,0,3,1,6,9,53,1
2,2,2,2,2,2,2,2,1,1,2,0,12,5,0,0,0,0,3,1,0,10,50,2
2,2,2,2,2,2,2,2,2,1,1,4,0,5,0,0,0,0,5,0,1,1,48,1
2,2,2,2,2,1,2,2,1,1,2,0,12,1,0,0,0,0,3,12,0,32,56,2
2,2,2,2,2,2,1,2,2,1,2,0,12,1,2,0,0,0,3,12,11,2,63,1
2,2,2,2,2,2,2,2,2,1,2,0,11,5,0,0,0,0,4,3,11,6,76,2
2,2,2,2,2,2,2,2,1,1,1,3,2,5,0,0,0,0,4,4,0,1,53,2
2,2,2,2,2,2,2,2,2,1,1,2,0,3,0,0,0,0,3,1,0,10,54,2
2,2,2,2,2,2,2,2,2,1,1,1,3,5,0,0,0,0,4,3,11,13,62,2
2,2,2,2,2,2,2,2,2,1,1,1,6,2,0,0,0,0,3,6,11,0,35,1
2,2,2,2,2,2,2,2,2,1,2,0,3,5,0,0,0,0,4,4,0,12,57,1
2,2,2,2,2,2,2,2,2,2,0,0,99,5,0,0,0,0,4,3,0,0,76,2
2,2,2,2,2,2,2,2,2,1,1,1,11,5,0,0,0,0,3,1,11,2,63,2
1,2,2,1,1,2,2,2,2,1,1,1,15,5,0,0,0,0,2,2,3,0,31,2
2,2,2,2,2,2,2,2,2,1,1,2,0,5,0,0,0,0,4,3,0,13,74,2
2,2,2,2,2,2,2,2,2,1,2,0,3,1,2,0,0,0,3,1,0,6,63,2
2,2,2,2,2,2,2,2,2,1,1,1,0,5,0,0,0,0,5,0,0,2,48,1
2,2,2,2,2,2,2,2,2,1,2,0,3,1,2,3,0,0,2,2,0,15,41,1
0,0,0,0,0,2,2,2,0,2,0,0,0,5,0,0,0,0,4,2,0,0,36,2
2,2,2,2,2,2,2,2,1,1,2,0,5,1,3,0,0,0,2,1,3,0,66,2
2,2,2,2,2,2,2,2,1,2,0,0,0,1,3,0,0,0,5,0,0,0,48,1
2,2,2,2,2,2,2,2,2,2,0,0,0,1,3,0,0,0,5,0,0,0,56,2
2,2,2,2,2,2,2,2,2,2,0,0,8,5,0,0,0,0,4,6,0,0,25,1
2,2,2,2,1,1,2,2,2,1,1,2,0,1,0,0,0,0,3,1,0,7,72,1
2,2,2,2,2,2,2,2,2,1,2,0,6,1,2,0,0,0,1,1,0,10,66,2
2,2,2,2,2,2,2,2,1,1,1,3,0,1,2,0,0,0,2,3,0,15,64,1
2,2,2,2,2,2,2,2,2,1,1,1,0,2,0,0,0,0,3,3,0,19,74,2
2,2,2,2,2,2,2,2,2,1,2,0,2,1,0,0,0,0,5,0,0,6,52,2
2,2,2,2,2,2,2,2,2,2,0,0,2,1,2,0,0,0,1,1,0,0,58,1
2,2,2,2,2,2,2,2,2,1,2,0,9,5,0,0,0,0,3,1,99,10,64,2
2,2,2,2,2,2,2,2,1,1,1,1,4,1,3,0,0,0,3,4,3,0,82,2
2,2,2,2,1,2,2,2,1,1,2,0,11,2,0,0,0,0,3,1,10,10,59,2
2,2,2,2,2,2,2,2,1,1,1,1,4,1,0,0,0,0,3,8,11,19,59,2
2,2,2,2,2,2,2,2,1,1,1,2,1,5,0,0,0,0,3,2,10,1,81,1
2,2,2,2,2,2,2,2,2,1,2,0,3,5,0,0,0,0,3,1,0,4,46,2
2,2,2,2,2,2,2,2,2,1,2,0,0,5,0,0,0,0,4,2,0,2,61,1
2,2,2,2,2,2,2,2,2,1,2,0,12,5,0,0,0,0,3,1,0,6,45,2
2,2,2,2,2,1,2,2,2,1,2,0,12,5,0,0,0,0,3,12,0,30,63,1
2,1,2,2,2,1,2,2,2,1,2,0,12,1,0,0,0,0,3,12,0,11,61,1
2,2,2,2,2,2,2,2,2,1,2,0,2,5,0,0,0,0,3,1,0,9,38,1
2,2,2,2,2,2,2,2,2,1,2,0,12,1,0,0,0,0,3,1,0,16,72,2
2,2,2,2,2,2,2,2,2,2,0,0,2,5,0,0,0,0,4,1,0,0,25,1
2,2,2,2,2,2,2,2,2,2,0,0,1,5,0,0,0,0,4,1,0,0,72,1
2,2,2,2,2,2,2,2,2,1,1,1,12,5,0,0,0,0,4,12,0,3,69,2
2,2,2,2,2,2,2,2,2,1,2,0,2,1,3,0,0,0,3,1,6,0,54,2
2,2,2,2,2,2,2,2,1,1,1,1,2,1,3,0,0,0,2,2,0,3,53,1
2,2,2,2,2,2,2,2,2,2,0,0,0,5,0,0,0,0,2,5,0,0,20,1
2,1,2,1,1,1,1,2,2,1,2,0,6,1,3,0,0,0,1,2,0,2,67,1
2,2,2,2,2,2,2,2,2,1,2,0,0,5,0,0,0,0,4,1,0,5,64,1
2,2,1,2,2,2,2,2,2,1,2,0,7,5,0,0,0,0,4,7,6,2,56,2
2,2,2,2,2,2,2,2,2,1,2,0,12,1,0,0,0,0,3,1,0,16,63,2
2,2,2,2,2,2,2,2,2,1,2,0,0,3,0,0,0,0,4,2,0,30,86,2
2,2,2,2,2,1,2,2,2,1,2,0,12,1,0,0,0,0,3,1,0,20,76,1
2,2,2,2,2,2,2,2,1,1,1,1,0,5,0,0,0,0,4,2,0,20,60,2
2,2,1,2,2,2,2,2,2,1,1,1,12,5,0,0,0,0,3,12,0,9,53,2
2,2,2,2,2,2,2,1,2,1,1,2,0,5,0,0,0,0,2,1,0,4,71,2
2,2,2,2,2,2,2,2,2,1,1,3,1,4,0,0,0,0,2,2,0,21,60,2
2,2,2,2,2,2,2,2,2,2,0,0,12,5,0,0,0,0,2,1,0,0,57,2
2,2,2,2,2,2,2,2,2,1,2,0,12,5,0,0,0,0,3,1,0,5,58,2
2,2,2,2,2,2,2,2,2,1,1,2,0,5,0,0,0,0,2,2,6,0,49,1
2,2,2,1,2,2,2,2,1,2,0,0,2,1,0,0,0,0,4,2,0,0,42,2
2,2,2,2,2,2,2,2,2,1,1,1,7,2,3,0,0,0,3,1,11,1,80,2
2,2,2,2,2,2,2,2,2,1,2,0,3,2,0,0,0,0,4,6,0,5,67,1
0,0,0,0,0,2,2,2,0,2,0,0,0,5,0,0,0,0,5,0,0,0,35,2
2,2,2,2,2,2,2,2,1,1,1,1,4,2,0,0,0,0,2,2,11,1,35,2
2,2,2,2,2,2,2,2,2,1,2,0,6,1,0,0,0,0,1,1,0,39,89,2
2,2,2,2,2,1,2,2,1,1,1,2,0,3,0,0,0,0,3,2,0,1,56,2
2,2,1,2,2,2,2,1,1,1,2,0,0,1,0,0,0,0,3,1,0,2,77,2
2,2,2,2,2,2,2,2,2,1,2,0,12,1,2,0,0,0,3,2,0,39,65,2
2,2,2,1,2,2,1,2,2,1,2,0,0,5,0,0,0,0,2,3,0,10,38,1
2,2,2,2,2,2,2,2,2,1,1,2,5,5,0,0,0,0,3,3,0,3,87,2
2,2,2,2,2,2,2,2,2,1,2,0,0,5,0,0,0,0,3,1,0,6,71,1
2,2,2,2,2,2,2,2,2,1,2,0,12,5,0,0,0,0,3,12,0,18,61,2
2,2,2,2,2,2,2,2,2,1,2,0,2,5,0,0,0,0,4,2,0,2,49,2
1,2,2,2,2,2,1,2,1,1,2,0,1,5,0,0,0,0,2,1,0,11,28,1
2,2,2,2,2,2,2,2,2,1,1,4,1,5,0,0,0,0,1,1,6,0,43,2
2,2,2,2,2,2,2,2,2,2,0,0,0,5,0,0,0,0,4,1,0,0,24,2
2,2,2,1,2,2,2,2,2,1,2,0,12,5,0,0,0,0,3,1,0,15,69,1
2,2,2,2,2,2,2,2,1,1,2,0,0,5,0,0,0,0,4,6,0,20,82,1
2,2,2,2,2,2,2,2,1,1,2,0,12,5,0,0,0,0,3,1,0,1,69,2
2,2,2,2,2,2,2,2,2,1,1,1,0,5,0,0,0,0,3,1,0,2,34,1
2,2,2,2,2,2,2,2,2,2,0,0,0,1,2,0,0,0,4,2,0,0,61,1
2,2,2,2,2,2,2,2,2,1,2,0,0,1,2,3,4,0,4,2,0,3,53,1
2,2,2,2,2,2,2,2,2,1,2,0,12,5,0,0,0,0,3,1,0,10,54,2
2,2,2,2,2,2,2,2,2,1,2,0,12,5,0,0,0,0,3,2,0,8,60,2
2,2,2,2,2,2,2,2,2,1,2,0,0,2,0,0,0,0,4,5,0,8,44,2
2,2,2,2,2,2,2,2,2,1,1,1,0,5,0,0,0,0,3,2,0,2,63,2
2,2,2,2,2,2,2,2,2,1,2,0,4,3,0,0,0,0,4,4,0,15,58,2
2,2,2,2,2,2,2,2,2,1,2,0,0,1,2,3,0,0,1,1,0,6,57,2
2,2,2,1,2,2,2,2,2,2,0,0,0,5,0,0,0,0,3,1,0,0,21,1
2,2,2,2,2,2,2,2,2,1,2,0,12,5,0,0,0,0,1,1,0,2,58,2
2,2,2,2,2,2,1,2,1,1,2,0,10,1,3,0,0,0,3,1,0,10,72,1
2,2,2,2,2,2,2,2,2,1,1,1,6,5,0,0,0,0,4,6,0,4,76,2
2,2,2,2,2,2,2,2,2,1,2,0,12,5,0,0,0,0,2,2,0,7,49,2
2,2,2,2,2,2,2,2,1,1,1,1,10,5,0,0,0,0,3,1,1,4,83,2
2,2,2,2,2,2,2,2,1,1,2,0,3,1,3,0,0,0,2,1,0,3,61,2
2,2,1,2,2,2,2,2,2,1,1,3,0,5,0,0,0,0,3,1,0,12,81,1
2,2,2,2,2,2,2,2,2,1,1,1,0,5,0,0,0,0,5,0,0,20,62,2
2,2,2,2,2,2,2,2,2,1,2,0,0,2,0,0,0,0,2,1,99,17,66,2
2,2,2,2,2,1,2,2,2,1,1,4,5,1,0,0,0,0,4,5,0,20,53,2
1,2,2,2,2,2,2,2,2,1,2,0,1,1,0,0,0,0,4,12,6,0,53,1
2,2,2,2,2,2,2,2,2,1,1,1,1,5,0,0,0,0,4,2,0,4,62,2
2,2,2,2,2,2,2,2,2,1,1,1,0,2,0,0,0,0,4,4,0,10,70,1
2,2,2,1,2,2,2,2,1,1,2,0,2,2,0,0,0,0,3,1,0,6,60,1
2,2,2,1,2,2,2,2,2,1,2,0,12,5,0,0,0,0,3,2,0,17,54,2
2,2,2,1,1,2,2,2,2,1,2,0,4,5,0,0,0,0,2,4,0,15,51,2
2,2,2,2,2,2,1,2,2,1,2,0,2,5,0,0,0,0,4,2,0,14,51,2
2,2,2,2,2,2,2,2,2,1,2,0,1,5,0,0,0,0,4,1,0,2,51,1
2,2,2,2,2,1,2,2,2,1,1,1,8,5,0,0,0,0,3,12,0,13,63,2
2,2,2,2,2,2,2,2,2,1,1,1,1,1,0,0,0,0,4,1,0,1,65,1
2,2,2,2,1,2,2,2,2,1,1,2,1,1,3,0,0,0,3,1,0,1,50,2
0,0,0,0,0,2,2,2,0,2,0,0,0,5,0,0,0,0,5,0,0,0,30,2
2,2,2,2,2,2,2,2,2,2,0,0,2,5,0,0,0,0,2,1,0,0,32,2
2,2,2,2,2,2,2,2,2,1,2,0,6,1,0,0,0,0,3,6,0,35,59,1
2,2,2,2,2,2,2,2,2,1,2,0,12,5,0,0,0,0,1,1,0,2,71,2
2,2,2,2,2,2,2,2,2,2,0,0,0,5,0,0,0,0,5,0,0,0,62,1
2,2,2,2,2,2,2,2,2,2,0,0,0,5,0,0,0,0,5,0,0,0,45,1
2,2,2,2,2,2,2,2,1,2,0,0,1,5,0,0,0,0,4,1,0,0,46,1
2,2,2,2,2,2,2,2,2,1,1,2,0,5,0,0,0,0,4,1,0,3,30,1
2,2,2,2,2,2,2,2,2,1,2,0,0,5,0,0,0,0,4,6,0,8,40,1
2,2,2,2,2,2,2,2,2,2,0,0,1,5,0,0,0,0,3,5,0,0,46,1
2,2,2,2,2,2,2,2,2,1,1,2,2,4,0,0,0,0,3,2,1,1,56,2
2,2,2,2,2,2,2,2,2,1,2,0,2,5,0,0,0,0,3,1,0,15,78,2
2,2,2,2,2,2,2,2,2,1,1,1,6,5,0,0,0,0,4,6,0,10,63,2
2,2,2,2,2,2,2,2,2,1,2,0,6,5,0,0,0,0,4,6,0,9,61,1
2,2,2,2,2,2,2,2,2,1,2,0,99,5,0,0,0,0,3,1,99,99,84,2
2,2,2,2,2,2,2,2,1,1,2,0,6,1,3,0,0,0,3,6,11,0,67,2
2,2,2,2,2,2,2,2,2,1,2,0,1,5,0,0,0,0,4,2,11,0,62,1
2,2,2,2,2,2,2,2,2,1,2,0,3,4,0,0,0,0,3,4,0,27,47,2
2,2,2,2,2,2,2,2,2,1,2,0,0,2,0,0,0,0,3,1,0,5,53,2
2,2,2,2,2,2,2,2,2,1,1,1,6,1,2,0,0,0,3,1,0,10,71,2
2,2,2,2,2,2,2,2,2,1,2,0,4,5,0,0,0,0,3,1,0,10,53,2
2,2,2,2,2,2,2,2,2,1,2,0,12,1,3,0,0,0,3,1,0,15,65,2
2,2,2,2,2,2,2,2,2,2,0,0,1,5,0,0,0,0,4,4,0,0,76,1
2,2,2,2,2,2,2,2,2,1,2,0,0,5,0,0,0,0,4,1,0,1,50,2
2,2,2,2,2,2,2,2,2,1,1,2,3,5,0,0,0,0,3,3,0,4,38,2
2,2,2,2,2,2,2,2,2,1,1,2,0,5,0,0,0,0,4,2,0,13,51,1
2,2,2,2,2,2,2,2,2,1,1,1,12,3,0,0,0,0,3,1,1,6,71,2
2,2,2,2,2,2,2,2,2,1,1,1,8,3,0,0,0,0,3,1,1,20,67,2
2,2,2,2,2,2,2,2,1,1,1,2,6,1,0,0,0,0,3,1,11,17,52,2
2,2,2,2,2,2,2,2,1,2,0,0,0,5,0,0,0,0,5,0,0,0,25,1
2,2,2,2,2,2,2,2,2,2,0,0,0,5,0,0,0,0,3,1,0,0,64,1
2,2,2,2,2,2,2,2,1,1,2,0,0,1,3,0,0,0,5,0,11,1,47,2
2,2,2,2,2,2,2,2,2,1,1,2,6,5,0,0,0,0,1,1,3,3,52,2
2,2,2,2,2,2,2,2,2,1,1,4,9,5,0,0,0,0,3,1,0,1,70,2
2,2,2,2,2,2,2,2,2,1,2,0,0,5,0,0,0,0,3,1,0,15,79,2
2,2,2,2,2,2,2,2,2,1,1,1,0,5,0,0,0,0,3,1,1,0,77,1
2,2,2,2,2,2,2,2,1,1,2,0,0,2,0,0,0,0,5,0,1,15,75,2
2,2,2,2,2,2,2,2,2,1,1,3,0,5,0,0,0,0,5,0,11,8,41,1
2,2,2,2,2,2,2,2,2,2,0,0,0,1,0,0,0,0,1,1,0,0,39,1
2,2,2,2,2,2,1,2,2,2,0,0,12,1,0,0,0,0,3,1,0,0,55,2
2,2,2,2,2,2,2,2,2,1,2,0,0,5,0,0,0,0,4,4,0,6,56,1
2,2,2,2,2,2,2,2,2,1,1,2,0,1,0,0,0,0,5,0,0,15,65,1
2,2,2,2,2,2,2,2,2,1,2,0,7,5,0,0,0,0,1,2,7,0,51,1
2,2,2,2,2,2,2,2,2,1,2,0,1,1,2,0,0,0,3,1,3,0,42,2
2,2,2,2,2,2,2,2,2,1,2,0,6,1,0,0,0,0,1,1,0,15,69,1
2,2,2,2,2,2,2,2,1,1,1,1,5,1,0,0,0,0,2,1,1,4,61,1
2,2,2,2,2,2,2,2,1,1,2,0,0,1,0,0,0,0,3,1,11,4,69,2
2,2,2,2,2,2,2,2,1,1,2,0,9,3,0,0,0,0,3,1,11,2,72,2
2,2,2,2,2,2,2,2,2,1,2,0,6,5,0,0,0,0,1,1,0,20,68,1
2,2,2,2,2,2,2,2,2,2,0,0,0,1,2,3,0,0,5,0,0,0,59,2
2,2,2,2,2,2,2,2,1,1,1,1,5,1,0,0,0,0,3,5,11,1,63,2
2,2,2,2,2,2,2,2,2,2,0,0,0,2,0,0,0,0,3,1,0,0,30,2
2,2,2,2,2,2,2,2,2,1,2,0,6,1,0,0,0,0,1,2,0,3,57,1
2,2,2,2,2,2,2,2,2,2,0,0,3,5,0,0,0,0,4,4,0,0,58,2
2,2,2,2,2,2,2,2,1,1,2,0,2,1,0,0,0,0,3,2,11,2,58,1
2,2,2,2,2,2,2,2,2,1,1,3,0,5,0,0,0,0,5,0,1,0,26,1
2,2,2,2,2,2,2,2,2,1,2,0,1,5,0,0,0,0,3,1,0,8,69,2
2,2,1,2,2,2,2,2,2,2,0,0,0,3,0,0,0,0,1,1,0,0,49,2
2,2,2,2,2,2,2,2,2,1,1,1,0,2,0,0,0,0,3,1,11,0,36,1
2,2,2,2,2,2,2,2,2,1,2,0,0,2,0,0,0,0,3,1,1,4,61,2
2,2,2,2,2,2,2,2,2,1,2,0,3,1,3,0,0,0,5,0,0,6,50,2
2,2,2,2,2,2,1,2,1,1,2,0,12,1,2,0,0,0,1,1,0,5,40,1
2,2,2,2,2,1,2,2,2,2,0,0,5,5,0,0,0,0,3,5,0,0,55,2
2,2,2,2,2,2,2,2,2,1,1,1,6,1,3,0,0,0,3,1,6,22,68,2
2,2,2,2,2,2,2,2,2,2,0,0,6,5,0,0,0,0,3,6,0,0,62,2
2,2,2,2,2,2,2,2,2,1,1,1,10,1,2,3,0,0,3,1,0,3,55,2
2,1,2,2,2,1,2,2,1,1,2,0,6,5,0,0,0,0,3,1,0,8,74,1
2,2,2,2,2,2,2,2,2,1,2,0,6,5,0,0,0,0,3,1,0,5,41,1
2,2,2,2,2,2,2,2,1,1,2,0,6,1,2,0,0,0,1,1,11,3,63,1
2,2,2,2,2,2,2,2,2,1,1,4,0,5,0,0,0,0,3,1,7,0,64,2
2,2,2,2,2,2,1,2,1,1,1,2,6,5,0,0,0,0,3,10,11,8,66,1
2,2,2,2,2,2,2,2,2,1,2,0,5,5,0,0,0,0,3,5,1,18,68,2
2,2,1,2,2,2,2,1,2,1,2,0,0,5,0,0,0,0,5,0,11,4,69,1
2,2,2,2,2,2,2,2,2,1,2,0,12,5,0,0,0,0,3,1,1,2,49,2
2,2,2,2,2,2,2,2,2,2,0,0,0,2,0,0,0,0,5,0,0,0,49,1
2,2,2,2,2,2,2,2,2,1,2,0,8,1,3,0,0,0,3,1,0,10,59,2
2,2,2,2,2,2,2,1,2,1,2,0,1,3,0,0,0,0,4,2,1,0,51,2
2,2,2,2,2,2,2,2,2,1,1,1,0,1,0,0,0,0,3,1,0,15,50,2
2,2,2,2,2,2,2,2,2,1,2,0,0,5,0,0,0,0,5,0,0,18,68,2
2,2,2,2,2,2,2,2,2,1,2,0,0,1,0,0,0,0,3,1,1,1,52,2
2,2,2,2,2,2,2,2,1,2,0,0,2,5,0,0,0,0,3,1,0,0,40,1
2,2,2,2,2,2,2,2,2,2,0,0,0,5,0,0,0,0,3,1,0,0,59,1
2,2,2,2,2,2,2,2,2,2,0,0,0,5,0,0,0,0,5,0,0,0,44,2
2,2,2,2,2,2,2,2,1,1,1,2,2,5,0,0,0,0,4,3,2,0,52,1
2,2,2,2,2,2,2,2,2,1,1,1,4,5,0,0,0,0,4,4,11,3,34,2
2,1,2,2,2,1,2,2,2,1,1,4,0,3,0,0,0,0,5,0,11,2,79,2
2,2,2,2,2,2,2,2,2,2,0,0,3,5,0,0,0,0,3,10,0,0,33,2
2,2,2,2,2,2,2,2,2,2,0,0,0,5,0,0,0,0,2,2,0,0,46,1
2,2,2,2,2,2,2,2,2,2,0,0,0,5,0,0,0,0,3,1,0,0,44,2
2,2,2,2,2,2,1,2,1,1,2,0,6,5,0,0,0,0,3,1,0,20,73,2
2,2,2,2,2,2,2,2,2,1,2,0,2,5,0,0,0,0,2,1,0,15,70,1
2,2,2,2,2,2,2,2,2,1,2,0,0,5,0,0,0,0,5,0,0,10,74,2
2,2,2,2,2,2,2,2,2,2,0,0,0,5,0,0,0,0,5,0,0,0,40,2
2,2,2,2,2,2,2,2,2,1,2,0,6,5,0,0,0,0,1,2,10,15,63,2
2,2,2,2,2,2,2,2,2,1,2,0,4,1,0,0,0,0,3,2,0,15,62,2
2,2,2,2,2,2,2,2,1,1,1,4,0,5,0,0,0,0,3,1,3,5,58,2
2,2,2,2,2,2,1,2,2,2,0,0,0,4,0,0,0,0,4,3,0,0,26,1
2,2,2,2,2,2,2,2,2,1,2,0,3,5,0,0,0,0,3,1,0,5,46,2
2,2,2,2,2,2,2,1,2,1,2,0,0,2,3,0,0,0,5,0,1,0,50,1
2,2,2,2,2,2,2,2,2,1,2,0,0,1,0,0,0,0,1,1,0,2,77,2
2,2,2,2,2,2,2,2,1,1,2,0,6,2,0,0,0,0,1,2,0,6,50,2
2,2,2,2,2,2,2,1,1,1,2,0,12,5,0,0,0,0,3,1,0,3,69,1
2,2,2,2,2,2,2,2,2,2,0,0,1,5,0,0,0,0,4,3,0,0,64,1
2,2,2,2,2,1,1,2,1,1,1,1,6,1,3,0,0,0,3,2,11,11,84,2
2,2,2,2,2,2,2,2,2,1,2,0,12,5,0,0,0,0,3,1,99,20,69,2
0,0,0,0,0,2,2,2,0,2,0,0,0,5,0,0,0,0,5,0,0,0,22,2
2,2,2,2,2,2,2,2,2,1,2,0,0,1,0,0,0,0,3,1,0,8,76,1
2,2,2,2,2,2,2,2,2,2,0,0,0,5,0,0,0,0,5,0,0,0,34,2
2,2,2,2,2,2,2,2,2,1,1,4,12,5,0,0,0,0,3,1,1,8,60,2
2,2,2,2,2,2,2,2,2,1,2,0,12,5,0,0,0,0,3,1,6,20,79,2
2,2,2,2,2,2,2,2,2,1,1,2,1,5,0,0,0,0,4,1,0,3,69,2
2,2,2,2,2,2,2,2,2,1,1,3,2,5,0,0,0,0,3,1,2,0,67,2
2,2,2,2,2,2,2,2,2,1,2,0,12,1,2,0,0,0,3,1,0,10,56,1
2,2,2,2,2,1,2,2,2,1,2,0,12,1,2,0,0,0,3,1,0,10,79,2
2,2,2,1,1,2,2,2,2,1,1,1,15,4,0,0,0,0,1,1,0,5,58,2
2,2,2,2,2,2,2,2,2,2,0,0,3,5,0,0,0,0,4,3,0,0,63,1
2,2,2,2,2,2,2,2,2,1,1,1,0,5,0,0,0,0,4,1,0,2,54,1
2,2,2,2,2,2,2,2,2,1,2,0,0,1,0,0,0,0,5,0,0,2,67,1
2,2,2,2,2,2,2,2,2,2,0,0,0,5,0,0,0,0,4,1,0,0,65,2
2,2,2,2,2,2,2,2,1,2,0,0,0,4,0,0,0,0,4,0,0,0,59,2
2,2,2,2,2,2,2,2,2,1,1,1,11,5,0,0,0,0,3,1,0,10,69,2
2,2,2,2,2,2,2,2,2,2,0,0,0,5,0,0,0,0,4,1,0,0,58,1
2,2,1,2,2,1,2,2,2,1,2,0,12,2,0,0,0,0,3,12,0,34,74,1
2,2,2,2,2,2,2,2,2,1,1,2,0,1,0,0,0,0,5,0,0,4,60,2
2,2,2,2,2,2,2,2,1,1,1,2,7,2,0,0,0,0,3,5,0,2,54,2
2,2,2,2,2,2,2,2,2,2,0,0,4,5,0,0,0,0,4,4,0,0,46,2
2,2,2,2,2,2,2,2,2,1,2,0,1,3,0,0,0,0,3,12,1,23,53,2
2,2,2,2,2,2,2,2,2,1,2,0,2,5,0,0,0,0,5,0,8,3,65,2
2,2,2,2,2,2,2,2,2,1,2,0,2,2,0,0,0,0,4,3,11,3,63,2
2,2,2,2,2,2,2,2,2,1,2,0,5,2,0,0,0,0,3,2,11,1,60,1
2,2,2,2,2,2,2,2,2,1,2,0,12,5,0,0,0,0,3,3,10,15,49,1
2,2,2,1,2,2,2,2,2,2,0,0,2,1,2,0,0,0,4,6,0,0,66,1
2,2,2,1,2,2,2,2,2,1,2,0,12,1,0,0,0,0,4,12,0,8,63,1
2,2,2,2,2,2,1,2,2,1,2,0,12,5,0,0,0,0,3,1,0,20,76,1
2,2,2,2,2,2,2,2,2,1,1,2,4,3,0,0,0,0,3,5,0,40,73,2
2,2,2,2,2,2,2,2,2,1,2,0,0,5,0,0,0,0,3,1,8,8,87,1
2,2,2,2,2,2,2,2,2,1,2,0,0,5,0,0,0,0,5,0,8,3,60,1
2,2,2,2,2,2,2,2,2,1,2,0,12,3,0,0,0,0,3,5,11,30,90,2
2,2,2,2,2,2,2,2,1,1,1,2,6,1,0,0,0,0,3,1,0,10,77,1
2,2,2,2,2,2,2,2,2,1,1,1,3,5,0,0,0,0,2,1,0,4,74,1
2,2,2,2,2,2,2,2,1,1,2,0,1,1,0,0,0,0,4,2,0,14,52,2
2,2,2,2,2,2,2,2,2,1,1,4,2,5,0,0,0,0,4,2,0,1,71,2
2,2,2,2,2,2,2,2,2,1,2,0,12,4,0,0,0,0,3,1,0,15,71,2
2,2,2,2,2,2,2,2,1,1,2,0,12,5,0,0,0,0,3,1,0,5,62,2
2,2,2,2,2,2,2,2,2,1,2,0,0,5,0,0,0,0,5,0,8,15,57,2
2,2,2,2,2,2,2,2,2,1,2,0,12,5,0,0,0,0,3,12,1,7,60,2
1,2,2,1,1,2,2,2,1,1,1,2,0,1,2,0,0,0,4,3,11,15,54,2
2,2,2,2,2,2,2,2,2,1,2,0,0,5,0,0,0,0,4,3,2,5,59,1
2,2,2,2,2,2,2,2,2,2,0,0,0,5,0,0,0,0,1,1,0,0,28,1
2,2,2,2,2,2,2,2,2,1,2,0,12,5,0,0,0,0,3,1,0,5,59,2
2,2,2,2,2,2,2,2,1,1,1,4,0,5,0,0,0,0,5,0,2,10,57,2
2,2,2,2,2,2,2,2,2,1,1,2,10,5,0,0,0,0,3,1,6,0,62,1
2,2,2,2,2,2,2,2,2,1,1,4,2,5,0,0,0,0,4,4,7,0,62,2
0,0,0,0,0,2,2,2,0,2,0,0,0,5,0,0,0,0,5,0,0,0,37,2
2,2,2,2,2,2,2,2,2,1,2,0,12,3,0,0,0,0,3,1,0,10,71,2
2,2,2,2,2,2,2,2,2,1,2,0,12,1,2,3,0,0,3,1,0,17,63,2
2,2,2,2,2,2,2,2,2,1,1,1,12,1,0,0,0,0,2,3,0,2,38,1
2,2,2,2,2,2,2,2,2,1,1,3,99,5,0,0,0,0,2,2,0,10,58,2
2,2,2,2,2,2,2,2,1,1,2,0,1,5,0,0,0,0,3,1,0,8,56,2
2,2,2,2,2,2,2,2,2,1,1,3,0,5,0,0,0,0,5,0,0,40,70,2
2,2,2,2,2,2,2,2,2,1,2,0,3,5,0,0,0,0,4,2,0,5,95,1
2,2,2,2,2,2,2,2,2,1,1,2,12,1,2,3,0,0,3,1,0,4,72,2
2,2,2,2,2,2,2,2,1,1,1,2,2,1,3,0,0,0,3,1,0,5,49,2
2,2,2,2,2,2,2,2,2,1,2,0,2,5,0,0,0,0,2,2,0,25,71,2
2,2,2,2,2,2,2,2,2,1,1,2,2,1,2,0,0,0,2,2,0,4,51,1
2,2,2,2,1,2,2,2,1,1,2,0,12,5,0,0,0,0,1,1,0,40,82,2
2,2,2,2,2,2,2,2,2,1,2,0,12,5,0,0,0,0,3,1,0,5,80,2
2,2,2,2,2,2,1,2,2,1,2,0,10,5,0,0,0,0,3,10,9,0,67,2
2,2,2,2,2,2,2,2,2,1,2,0,0,1,2,0,0,0,3,12,0,30,80,1
1,2,2,2,2,2,2,2,2,1,1,4,3,5,0,0,0,0,4,12,0,8,44,2
2,2,2,2,2,2,2,2,2,1,2,0,2,1,3,0,0,0,3,2,0,15,80,2
2,2,2,2,2,2,2,2,2,1,2,0,0,5,0,0,0,0,5,0,0,10,59,2
2,2,2,2,2,2,2,2,2,1,2,0,2,1,2,0,0,0,4,2,0,10,51,2
2,2,2,2,2,2,2,2,2,1,2,0,12,5,0,0,0,0,3,12,0,20,85,2
2,2,2,2,2,2,2,2,1,1,2,0,6,5,0,0,0,0,3,1,0,34,73,2
2,2,2,2,2,2,2,2,2,1,1,1,11,5,0,0,0,0,3,1,0,18,70,2
2,2,2,2,2,2,2,2,2,1,1,1,10,5,0,0,0,0,3,1,0,5,46,2
2,2,2,2,2,1,1,2,2,1,1,2,2,1,3,0,0,0,3,2,0,7,59,2
2,2,2,2,2,2,2,2,2,1,2,0,0,2,3,4,0,0,2,3,11,7,59,2
2,2,2,2,2,2,2,2,2,1,1,1,0,5,0,0,0,0,2,5,0,1,45,2
2,1,2,1,2,1,1,2,1,1,1,2,2,5,0,0,0,0,2,4,11,30,50,1
0,0,0,0,0,2,2,2,0,2,0,0,1,5,0,0,0,0,3,3,0,0,44,2
2,2,2,2,2,2,2,2,2,1,2,0,1,3,0,0,0,0,4,2,0,18,71,2
2,2,2,2,2,2,2,2,2,1,2,0,12,5,0,0,0,0,3,12,0,8,46,2
2,2,2,2,2,2,2,2,2,1,2,0,0,1,2,3,0,0,4,12,0,6,61,2
2,2,2,2,2,2,2,2,2,1,2,0,0,1,0,0,0,0,4,2,0,4,53,1
1,2,2,2,2,2,2,2,2,1,2,0,1,5,0,0,0,0,3,1,10,10,73,2
2,2,2,2,2,2,2,2,2,1,2,0,1,5,0,0,0,0,3,1,10,10,65,2
2,2,2,2,2,2,2,2,2,1,2,0,0,1,2,3,0,0,4,12,0,20,67,1
2,2,2,2,2,2,2,2,2,1,2,0,0,1,2,0,0,0,4,12,0,15,68,1
2,2,2,2,2,2,2,2,2,1,1,2,10,3,0,0,0,0,3,1,7,0,48,1
2,2,2,1,2,2,2,2,2,1,1,1,12,1,2,3,0,0,1,1,0,23,44,2
2,2,2,2,2,2,2,2,2,2,0,0,0,5,0,0,0,0,3,1,0,0,77,1
2,2,2,2,2,2,2,2,2,1,1,1,4,1,3,0,0,0,2,2,11,14,75,1
2,2,2,2,2,2,2,2,2,1,2,0,0,5,0,0,0,0,3,3,3,0,56,1
2,2,2,2,2,2,2,2,2,1,1,1,10,1,0,0,0,0,3,2,0,4,33,1
2,2,2,2,2,2,2,2,2,2,0,0,0,5,0,0,0,0,3,2,0,0,40,1
0,0,0,0,0,2,2,2,0,2,0,0,1,5,0,0,0,0,4,1,0,0,38,2
2,1,2,2,2,1,2,2,2,1,1,2,2,5,0,0,0,0,4,3,11,25,62,1
2,2,2,2,2,2,2,2,2,1,2,0,0,5,0,0,0,0,3,4,11,5,79,2
2,2,2,2,2,2,2,2,2,1,2,0,10,1,0,0,0,0,3,1,8,5,47,2
2,2,2,2,2,2,2,2,2,2,0,0,0,5,0,0,0,0,4,2,0,0,55,1
2,2,2,2,2,2,2,2,2,2,0,0,0,4,0,0,0,0,4,1,0,0,33,2
2,2,2,2,2,2,2,2,2,2,0,0,3,1,2,0,0,0,3,4,0,0,58,1
2,2,2,2,2,2,2,2,2,1,2,0,0,1,2,0,0,0,2,2,99,8,67,2
2,2,2,2,2,2,2,2,2,1,1,1,12,1,0,0,0,0,3,1,0,2,47,1
2,2,2,2,2,2,2,2,2,2,0,0,0,1,0,0,0,0,3,4,0,0,74,1
1,2,2,2,2,2,2,2,1,1,2,0,0,5,0,0,0,0,5,0,0,4,84,2
2,2,2,2,2,2,2,2,1,1,2,0,1,5,0,0,0,0,4,1,0,15,63,2
2,2,2,2,2,2,2,2,2,2,0,0,0,5,0,0,0,0,4,2,0,0,56,2
2,2,2,2,2,2,2,2,2,2,0,0,0,5,0,0,0,0,5,0,0,0,38,1
2,2,2,2,2,2,2,2,1,1,2,0,0,4,0,0,0,0,4,1,1,0,70,1
2,2,2,2,2,2,2,2,2,2,0,0,3,5,0,0,0,0,4,4,0,0,36,2
2,2,2,2,2,2,2,2,2,2,0,0,0,5,0,0,0,0,4,2,0,0,52,2
2,2,2,2,2,2,2,2,2,2,0,0,1,5,0,0,0,0,4,1,0,0,28,2
2,2,2,2,2,2,2,2,2,1,1,1,9,3,0,0,0,0,3,1,0,6,54,2
2,2,2,2,2,2,2,2,1,1,2,0,6,5,0,0,0,0,1,1,0,15,80,1
2,2,2,2,2,2,2,2,1,1,1,3,5,1,3,0,0,0,3,2,6,0,58,1
2,2,2,2,2,2,2,2,2,1,2,0,12,3,0,0,0,0,1,1,0,2,52,2
2,2,2,1,2,2,2,2,1,1,2,0,1,1,0,0,0,0,2,1,8,6,75,1
2,2,2,2,2,2,2,2,2,1,2,0,12,5,0,0,0,0,3,1,6,3,73,2
2,2,2,2,2,2,2,2,2,1,2,0,12,5,0,0,0,0,3,1,3,4,49,2
2,2,2,2,2,2,2,2,2,2,0,0,0,5,0,0,0,0,5,0,0,0,47,1
2,2,2,2,2,2,1,2,1,1,1,4,12,1,2,0,0,0,3,2,0,5,52,2
2,2,2,2,2,2,2,2,2,2,0,0,0,5,0,0,0,0,3,1,0,0,35,1
2,2,2,2,2,2,2,2,1,1,2,0,0,5,0,0,0,0,5,0,0,3,72,2
2,2,2,2,2,2,2,2,2,1,2,0,0,5,0,0,0,0,3,1,3,0,65,2
2,2,2,2,2,2,2,2,2,1,2,0,12,5,0,0,0,0,3,1,0,30,72,2
2,2,2,2,2,2,2,2,2,1,1,1,0,1,3,0,0,0,1,1,0,6,64,2
2,2,2,2,2,2,2,2,2,1,2,0,12,3,0,0,0,0,3,1,7,0,46,2
2,2,2,2,2,2,2,2,1,1,1,4,12,3,0,0,0,0,1,1,0,7,62,2
2,2,2,2,2,2,2,2,1,1,2,0,12,1,2,3,0,0,3,9,0,6,50,2
2,2,2,2,2,2,2,2,2,1,2,0,12,5,0,0,0,0,4,12,0,1,89,2
2,2,2,2,2,2,2,2,2,1,2,0,12,1,2,3,0,0,4,12,0,10,63,1
2,2,2,2,2,2,2,2,2,2,0,0,2,5,0,0,0,0,4,10,0,0,27,2
2,2,2,2,2,2,2,2,2,1,1,2,0,5,0,0,0,0,1,1,0,4,48,1
2,2,2,2,2,2,2,2,2,2,0,0,0,3,0,0,0,0,4,1,0,0,46,1
2,1,2,1,1,1,1,2,1,1,2,0,12,3,0,0,0,0,1,4,6,0,79,1
2,2,2,2,2,2,2,2,2,1,2,0,0,1,2,3,0,0,3,1,0,15,76,2
2,2,2,2,2,2,1,2,2,1,1,3,6,3,0,0,0,0,2,1,1,6,50,2
2,2,2,2,2,1,2,2,2,2,0,0,4,5,0,0,0,0,5,0,0,0,30,1
2,2,2,2,2,2,2,2,2,1,2,0,12,5,0,0,0,0,3,2,2,10,56,2
2,2,2,2,1,2,2,2,1,1,2,0,0,1,0,0,0,0,5,0,0,7,63,2
2,2,2,2,2,2,2,2,2,1,2,0,0,1,2,0,0,0,3,1,0,5,47,2
2,2,2,2,2,2,2,2,2,1,2,0,1,5,0,0,0,0,4,1,0,5,70,2
2,2,2,2,2,2,2,2,2,1,2,0,0,5,0,0,0,0,3,1,0,5,83,2
2,2,2,1,2,2,2,2,2,2,0,0,0,5,0,0,0,0,4,2,0,0,47,2
2,2,2,2,2,2,2,2,2,1,1,3,0,5,0,0,0,0,5,0,0,10,61,2
2,2,2,2,2,2,2,2,2,1,1,1,2,4,0,0,0,0,2,2,10,2,63,2
2,2,2,2,2,2,2,2,2,2,0,0,0,5,0,0,0,0,4,1,0,0,73,2
2,2,2,2,2,1,2,2,2,1,2,0,12,5,0,0,0,0,4,12,0,5,72,1
1,2,2,1,2,2,2,2,2,1,2,0,3,5,0,0,0,0,3,20,8,1,52,1
2,2,2,2,2,2,2,2,2,1,1,2,0,2,3,0,0,0,4,1,0,6,65,2
2,2,2,2,2,2,2,2,2,2,0,0,0,1,2,3,0,0,3,1,0,0,45,2
2,2,2,2,2,2,2,2,2,1,2,0,0,4,0,0,0,0,4,2,10,1,64,2
2,2,2,2,2,2,2,2,2,1,2,0,12,3,0,0,0,0,2,1,11,21,61,2
2,2,2,2,2,2,2,2,2,1,2,0,12,2,0,0,0,0,1,2,0,20,61,1
2,2,2,2,2,1,1,2,2,1,2,0,12,5,0,0,0,0,3,1,0,2,65,1
2,2,2,2,2,2,2,2,2,1,2,0,0,5,0,0,0,0,4,5,0,15,63,2
2,2,2,2,2,2,2,2,2,1,2,0,1,5,0,0,0,0,4,1,0,23,53,2
2,2,2,2,2,2,2,2,1,1,2,0,12,1,0,0,0,0,3,12,0,15,61,1
2,2,2,2,2,2,2,2,2,1,2,0,99,5,0,0,0,0,3,1,0,5,53,1
0,0,0,0,0,2,2,2,0,2,0,0,0,5,0,0,0,0,3,2,0,0,21,2
2,2,2,2,2,2,2,2,2,1,2,0,0,5,0,0,0,0,4,5,0,9,75,1
2,2,2,2,2,2,2,2,2,1,1,4,4,1,2,3,0,0,3,1,1,1,56,2
2,2,2,2,2,2,2,2,1,1,1,1,1,5,0,0,0,0,3,5,0,10,52,2
2,2,2,2,2,2,2,2,2,1,1,1,8,4,0,0,0,0,2,2,0,3,53,2
2,2,2,2,2,2,2,2,2,1,2,0,12,1,2,0,0,0,3,12,0,20,60,2
0,0,0,0,0,2,2,2,0,2,0,0,0,5,0,0,0,0,3,1,0,0,21,2
2,2,2,2,2,2,2,2,2,1,2,0,0,5,0,0,0,0,4,1,0,4,58,2
2,2,2,2,2,2,2,2,2,1,2,0,2,1,0,0,0,0,3,2,5,3,80,2
2,2,2,2,2,2,2,2,2,1,2,0,0,5,0,0,0,0,2,4,11,20,64,2
2,2,2,2,2,2,2,2,2,1,2,0,0,5,0,0,0,0,5,0,0,10,54,2
2,2,2,2,2,2,2,2,1,1,2,0,3,1,3,0,0,0,3,2,11,1,61,2
2,2,2,2,2,2,2,2,2,1,2,0,99,1,2,0,0,0,5,0,0,5,52,2
2,2,2,2,1,2,2,2,2,1,2,0,2,1,2,0,0,0,4,2,0,6,46,2
2,2,2,2,2,2,2,2,2,2,0,0,1,3,0,0,0,0,4,3,0,0,32,2
2,2,2,2,2,2,2,2,2,1,2,0,0,5,0,0,0,0,4,3,0,2,60,2
2,2,2,2,2,2,2,2,2,1,2,0,0,1,0,0,0,0,3,2,0,13,67,1
2,2,2,2,2,2,2,2,2,2,0,0,0,5,0,0,0,0,2,7,0,0,39,1
0,0,0,0,0,2,2,2,0,2,0,0,2,5,0,0,0,0,4,2,0,0,52,2
2,2,2,2,2,2,2,2,2,2,0,0,0,5,0,0,0,0,5,0,0,0,61,2
2,2,2,2,2,2,2,2,2,1,2,0,12,2,0,0,0,0,3,1,0,15,74,1
2,2,2,2,2,2,2,2,2,1,2,0,4,5,0,0,0,0,2,1,0,13,63,1
2,2,2,2,2,2,2,2,2,1,2,0,2,1,0,0,0,0,4,3,0,3,67,1
2,2,2,2,2,2,2,2,2,1,2,0,0,1,2,0,0,0,3,1,0,1,66,2
2,2,2,2,2,2,2,2,2,2,0,0,1,5,0,0,0,0,4,1,0,0,32,2
2,2,2,2,2,2,2,2,2,1,2,0,10,2,0,0,0,0,1,1,0,1,54,2
2,2,2,2,2,2,2,2,2,1,2,0,2,5,0,0,0,0,3,2,0,5,82,2
1,2,2,2,2,2,1,2,1,1,2,0,12,1,0,0,0,0,2,1,0,1,62,1
2,2,2,2,2,2,2,2,2,1,1,1,0,5,0,0,0,0,5,0,3,1,66,1
2,2,2,2,2,2,2,2,2,1,2,0,12,5,0,0,0,0,3,1,0,10,69,1
2,2,2,2,2,2,2,2,2,1,1,4,5,5,0,0,0,0,1,1,6,0,29,1
2,2,2,2,2,2,2,2,2,2,0,0,0,5,0,0,0,0,5,0,0,0,76,1
2,2,2,2,2,2,2,2,2,1,2,0,10,1,2,0,0,0,4,10,0,2,70,2
2,2,2,2,2,2,2,2,2,2,0,0,12,1,4,0,0,0,3,1,0,0,54,1
2,2,2,2,2,2,2,2,2,2,0,0,0,1,0,0,0,0,4,1,0,0,64,1
2,2,2,2,2,2,2,2,2,1,1,2,2,5,0,0,0,0,4,6,0,5,83,1
2,2,2,2,2,2,2,2,2,1,2,0,0,3,0,0,0,0,4,8,0,10,40,1
2,2,2,2,2,2,2,2,2,2,0,0,0,5,0,0,0,0,1,3,0,0,27,1
2,2,2,2,2,2,2,2,2,2,0,0,0,4,0,0,0,0,4,1,0,0,57,2
0,0,0,0,0,2,2,2,0,2,0,0,0,5,0,0,0,0,5,0,0,0,37,2
2,1,2,2,2,1,2,2,2,1,2,0,12,5,0,0,0,0,3,1,0,8,82,1
2,2,2,2,2,2,2,2,2,2,0,0,3,3,0,0,0,0,3,3,0,0,42,1
2,2,2,2,2,2,2,2,2,1,1,2,2,1,3,0,0,0,4,2,0,3,60,1
2,2,2,2,2,2,2,2,2,1,2,0,5,5,0,0,0,0,3,1,0,1,63,2
2,2,2,2,2,2,2,2,2,2,0,0,0,5,0,0,0,0,4,1,0,0,44,2
2,2,2,2,2,2,2,2,2,2,0,0,0,2,0,0,0,0,4,3,0,0,34,2
2,2,2,2,2,2,2,2,2,1,2,0,12,5,0,0,0,0,3,1,0,2,64,2
2,2,2,2,2,2,2,2,2,1,2,0,12,4,0,0,0,0,3,1,0,5,76,2
2,2,2,2,2,2,2,2,2,1,2,0,12,1,0,0,0,0,3,1,0,12,53,2
2,2,2,2,2,2,2,2,2,2,0,0,2,5,0,0,0,0,3,1,0,0,56,2
2,2,2,2,2,2,2,2,2,2,0,0,0,5,0,0,0,0,4,1,0,0,57,1
0,0,0,0,0,2,2,2,0,2,0,0,0,4,0,0,0,0,5,0,0,0,39,2
2,2,2,2,2,2,2,2,2,1,1,2,4,1,3,0,0,0,3,1,11,2,60,1
2,2,2,2,2,2,2,2,2,2,0,0,0,5,0,0,0,0,4,1,0,0,53,2
2,2,2,1,2,2,2,2,2,1,2,0,2,5,0,0,0,0,4,6,0,2,53,2
2,2,2,2,2,2,2,2,1,1,2,0,1,3,0,0,0,0,3,1,0,5,48,2
2,1,2,2,2,1,2,2,2,1,2,0,0,5,0,0,0,0,3,3,0,4,74,2
2,2,2,2,2,2,2,2,2,2,0,0,0,5,0,0,0,0,5,0,0,0,32,1
2,2,2,2,2,1,2,2,2,2,0,0,0,5,0,0,0,0,4,1,0,0,22,2
2,2,2,2,2,2,2,2,2,2,0,0,2,5,0,0,0,0,4,2,0,0,40,1
1,2,2,1,1,2,1,2,1,1,2,0,12,1,2,3,0,0,1,2,0,3,63,1
2,2,2,2,2,2,2,2,2,1,2,0,2,2,0,0,0,0,3,1,6,0,66,2
2,2,2,2,2,2,2,2,2,1,1,4,12,5,0,0,0,0,3,1,0,1,69,2
2,2,2,2,2,2,2,2,1,2,0,0,0,5,0,0,0,0,4,5,0,0,49,1
2,2,2,2,1,2,2,2,2,2,0,0,5,5,0,0,0,0,4,5,0,0,26,2
2,2,2,2,2,2,2,2,2,1,2,0,12,5,0,0,0,0,3,1,0,3,55,2
2,2,2,2,2,2,2,2,2,1,1,1,0,5,0,0,0,0,3,2,0,4,23,2
2,2,2,2,2,2,2,2,2,2,0,0,0,5,0,0,0,0,3,1,0,0,30,2
2,2,2,2,2,2,2,2,2,1,1,1,0,5,0,0,0,0,1,1,0,10,46,2
2,2,2,2,2,2,2,2,2,2,0,0,1,1,0,0,0,0,3,1,0,0,59,2
2,2,2,2,2,2,2,2,1,2,0,0,0,5,0,0,0,0,4,3,0,0,67,1
2,2,2,1,2,2,2,2,2,1,1,2,12,3,0,0,0,0,3,12,0,5,56,2
2,1,2,2,2,1,2,2,2,1,2,0,12,1,3,0,0,0,3,1,0,18,57,1
2,1,2,2,2,1,2,2,2,1,2,0,12,2,0,0,0,0,3,1,10,10,78,1
2,2,2,2,2,2,2,2,2,1,2,0,1,5,0,0,0,0,4,1,0,10,71,2
2,2,2,2,2,2,2,2,2,1,1,3,1,1,0,0,0,0,3,12,2,2,64,2
2,2,2,2,2,2,2,2,2,1,2,0,12,5,0,0,0,0,3,12,0,13,63,2
2,2,2,2,2,2,2,2,2,2,0,0,1,3,0,0,0,0,4,1,0,0,29,2
2,2,2,2,2,2,2,2,1,1,2,0,10,3,0,0,0,0,3,1,0,30,88,2
2,2,2,2,2,2,2,2,1,1,2,0,0,3,0,0,0,0,3,1,11,6,72,2
2,2,2,2,2,2,2,2,2,1,2,0,3,5,0,0,0,0,3,2,0,3,62,2
2,2,2,2,2,2,2,2,2,2,0,0,0,5,0,0,0,0,5,0,0,0,35,1
2,2,2,2,2,2,2,2,2,2,0,0,2,5,0,0,0,0,4,2,0,0,69,2
2,2,1,2,2,2,2,1,2,1,2,0,0,5,0,0,0,0,4,12,0,20,83,1
2,2,2,2,2,2,2,2,2,2,0,0,0,1,0,0,0,0,5,0,0,0,54,2
2,2,2,2,2,2,2,2,2,1,2,0,12,1,2,4,0,0,3,1,0,17,55,1
2,2,2,2,2,2,2,2,2,1,2,0,5,1,2,3,4,0,3,12,4,0,55,2
2,2,2,2,2,2,2,2,2,2,0,0,0,2,0,0,0,0,5,0,0,0,30,2
1,2,2,2,2,2,2,2,2,1,2,0,12,5,0,0,0,0,3,1,0,13,53,2
2,2,2,2,1,2,2,2,2,1,1,1,8,1,0,0,0,0,1,2,0,22,78,2
2,2,2,2,2,2,2,2,2,1,2,0,2,3,0,0,0,0,4,2,10,0,60,2
2,2,2,2,2,2,2,2,2,2,0,0,1,2,0,0,0,0,4,2,0,0,44,2
2,2,2,2,2,2,2,2,2,1,1,3,0,5,0,0,0,0,5,0,0,3,54,2
2,2,2,2,2,2,2,2,2,1,1,2,0,5,0,0,0,0,5,0,0,20,79,1
2,2,2,2,2,2,2,2,2,1,2,0,10,5,0,0,0,0,1,1,0,3,64,2
2,2,2,2,2,2,2,2,2,1,2,0,0,1,2,0,0,0,4,12,0,5,32,1
2,2,2,2,2,2,2,2,2,1,1,1,0,5,0,0,0,0,4,1,0,6,74,2
2,2,2,2,2,2,2,2,2,1,2,0,1,5,0,0,0,0,3,1,5,30,60,2
2,2,2,2,2,2,2,2,2,1,1,4,2,5,0,0,0,0,5,0,0,2,69,2
2,2,2,2,2,2,2,2,2,2,0,0,0,1,2,3,0,0,2,3,0,0,54,2
2,2,2,2,2,2,2,2,2,2,0,0,0,2,0,0,0,0,3,1,0,0,44,2
2,2,2,2,2,2,2,2,2,1,2,0,15,1,2,3,0,0,2,15,0,1,68,1
2,2,2,1,1,1,2,1,2,1,1,2,12,1,3,0,0,0,3,1,0,5,43,1
2,2,2,2,1,2,2,2,1,1,1,2,0,2,0,0,0,0,4,15,0,2,60,2
0,0,0,0,0,2,2,2,0,2,0,0,0,1,2,3,0,0,4,15,0,0,40,2
2,2,2,2,2,2,2,2,2,1,2,0,2,3,0,0,0,0,3,3,0,5,65,2
2,2,2,2,2,2,2,2,2,1,2,0,2,3,0,0,0,0,2,2,0,3,39,2
2,2,2,2,2,2,2,2,2,1,2,0,12,5,0,0,0,0,3,1,0,6,82,2
2,2,2,2,2,2,2,2,2,1,2,0,3,1,0,0,0,0,4,3,0,6,51,1
2,2,2,2,2,2,1,2,2,1,1,1,12,3,0,0,0,0,3,1,0,8,66,1
2,2,2,2,2,2,2,2,2,1,1,1,0,1,0,0,0,0,4,1,0,34,67,1
0,0,0,0,0,2,2,2,0,2,0,0,2,5,0,0,0,0,4,2,0,0,28,2
2,2,2,2,2,2,2,2,2,1,2,0,3,3,0,0,0,0,3,5,0,2,72,2
2,2,2,2,2,2,2,2,1,1,2,0,2,1,2,0,0,0,3,1,0,1,39,1
2,2,2,2,2,2,2,2,2,1,1,4,1,5,0,0,0,0,4,12,0,1,58,2
2,2,2,1,2,2,2,2,2,1,1,1,0,1,0,0,0,0,3,1,11,2,46,2
2,2,2,2,2,2,2,1,1,1,2,0,12,1,0,0,0,0,3,12,11,4,68,2
2,2,2,2,2,2,2,2,2,2,0,0,2,1,0,0,0,0,5,0,0,0,53,2
2,2,2,2,2,2,2,2,2,2,0,0,12,2,3,4,0,0,3,1,0,0,57,2
2,2,2,2,2,2,2,2,2,1,2,0,0,3,0,0,0,0,5,0,11,9,60,2
2,2,2,2,2,2,2,2,2,1,2,0,11,1,2,0,0,0,3,11,0,25,70,1
2,2,2,2,2,2,2,2,2,2,0,0,3,5,0,0,0,0,4,3,0,0,58,1
2,2,2,2,2,2,2,2,2,2,0,0,2,1,3,0,0,0,4,3,0,0,40,2
1,2,2,2,2,2,2,2,2,2,0,0,5,5,0,0,0,0,4,6,0,0,49,2
2,2,2,2,2,2,2,2,1,1,2,0,12,5,0,0,0,0,3,1,8,7,90,1
2,2,2,2,2,2,2,2,2,2,0,0,0,5,0,0,0,0,4,1,0,0,41,2
2,2,2,2,2,2,2,2,2,1,1,4,4,5,0,0,0,0,4,3,2,0,75,2
2,2,2,2,2,2,2,2,2,1,2,0,0,1,0,0,0,0,4,1,0,8,46,1
2,2,2,2,2,2,2,2,2,1,1,2,3,5,0,0,0,0,4,5,0,2,47,2
2,2,2,2,2,2,2,2,2,1,2,0,5,5,0,0,0,0,2,1,2,2,73,2
2,2,2,2,2,2,2,2,2,1,2,0,0,5,0,0,0,0,1,1,8,2,43,1
2,2,1,2,2,2,2,1,1,1,2,0,2,5,0,0,0,0,4,3,2,2,71,1
2,2,2,2,2,2,2,2,2,2,0,0,0,5,0,0,0,0,5,0,0,0,58,1
2,2,2,2,2,2,2,2,2,1,1,2,0,1,0,0,0,0,3,1,0,2,77,2
2,2,2,2,2,2,2,2,2,2,0,0,0,3,0,0,0,0,4,1,0,0,63,2
2,2,2,2,2,2,2,2,2,1,2,0,5,5,0,0,0,0,4,4,0,4,48,1
0,0,0,0,0,2,2,2,0,2,0,0,0,2,0,0,0,0,4,2,0,0,25,2
2,2,2,2,2,2,2,2,2,1,2,0,2,1,4,0,0,0,3,2,11,2,67,2
2,2,2,2,2,2,2,2,2,1,2,0,12,1,2,0,0,0,3,1,0,12,55,2
2,2,2,2,2,2,2,2,2,1,1,1,12,3,4,0,0,0,1,2,0,5,74,1
2,2,2,2,2,2,2,2,2,1,1,1,0,3,0,0,0,0,4,1,0,8,74,2
2,2,2,2,2,2,2,2,2,2,0,0,0,5,0,0,0,0,3,2,0,0,57,2
2,2,2,2,2,2,2,2,2,1,2,0,0,2,0,0,0,0,2,2,0,10,72,2
2,2,2,2,2,2,2,2,2,1,1,4,12,1,3,0,0,0,3,2,0,12,47,2
2,2,2,2,2,2,2,2,2,1,1,2,12,5,0,0,0,0,3,1,0,3,68,1
2,2,2,1,2,2,2,2,2,1,2,0,2,1,3,0,0,0,3,1,0,5,69,2
2,2,2,2,2,2,2,2,2,1,2,0,12,5,0,0,0,0,3,12,0,8,63,1
2,2,2,2,2,2,2,2,2,1,2,0,1,1,0,0,0,0,1,3,0,4,91,2
2,2,2,2,2,2,2,2,2,1,2,0,4,2,0,0,0,0,4,4,0,15,86,2
2,2,2,2,2,2,2,2,2,2,0,0,1,5,0,0,0,0,4,2,0,0,23,1
2,2,2,2,2,2,2,2,2,1,1,1,3,5,0,0,0,0,3,1,0,5,68,2
2,2,2,2,2,2,2,2,1,1,1,2,3,5,0,0,0,0,3,1,1,0,33,2
2,2,2,2,2,2,2,2,2,1,1,1,3,3,0,0,0,0,3,3,0,3,78,1
2,2,2,2,2,2,2,2,2,1,2,0,10,3,0,0,0,0,3,2,0,15,81,2
2,2,2,2,2,2,2,2,1,1,2,0,12,1,2,0,0,0,1,2,0,10,65,2
2,2,2,2,2,2,2,2,2,1,1,4,0,1,0,0,0,0,5,0,0,16,42,2
2,2,2,2,2,2,2,2,2,1,2,0,0,5,0,0,0,0,5,0,0,6,53,2
2,2,2,2,2,2,2,2,2,1,2,0,12,1,2,3,0,0,3,12,6,8,82,1
2,2,2,2,2,2,2,2,2,1,2,0,10,5,0,0,0,0,2,2,0,15,77,2
2,2,2,2,2,2,2,2,2,1,1,2,3,1,0,0,0,0,4,3,0,3,71,1
2,2,2,1,1,2,2,2,2,2,0,0,2,5,0,0,0,0,4,9,0,0,36,2
2,2,2,2,2,2,2,2,2,1,1,1,12,5,0,0,0,0,3,12,0,3,59,2
2,2,2,2,2,2,2,2,2,1,2,0,3,1,0,0,0,0,3,1,0,11,58,2
2,2,2,2,2,2,2,2,2,1,1,2,12,5,0,0,0,0,3,1,0,2,56,1
2,2,2,2,2,2,2,2,2,2,0,0,0,5,0,0,0,0,4,2,0,0,70,1
2,2,2,2,2,2,2,2,2,1,2,0,12,5,0,0,0,0,3,1,0,2,82,2
2,2,2,2,2,2,2,2,2,2,0,0,0,5,0,0,0,0,5,0,0,0,64,2
2,2,2,2,2,2,2,2,2,2,0,0,2,4,0,0,0,0,3,1,0,0,66,2
2,2,2,2,2,2,2,2,2,1,2,0,12,5,0,0,0,0,3,1,0,4,59,2
2,2,2,2,2,2,2,2,2,1,2,0,12,1,2,0,0,0,3,1,0,10,76,1
2,2,2,2,2,2,2,2,2,2,0,0,0,3,0,0,0,0,4,2,0,0,49,2
2,2,2,2,2,2,2,2,2,2,0,0,0,2,3,0,0,0,4,1,0,0,55,1
2,2,2,2,2,2,2,2,2,1,2,0,6,5,0,0,0,0,3,1,0,6,60,1
2,2,2,2,2,2,2,2,2,1,1,3,6,1,0,0,0,0,3,1,0,8,52,2
2,2,2,2,2,2,2,2,2,2,0,0,0,5,0,0,0,0,4,1,0,0,54,2
2,2,2,2,2,2,2,2,2,1,2,0,12,5,0,0,0,0,3,12,0,10,66,2
2,2,2,1,2,2,2,2,2,1,2,0,3,2,0,0,0,0,2,1,6,0,56,2
2,1,2,2,2,1,2,2,1,1,1,1,1,3,0,0,0,0,3,1,0,8,51,2
2,2,2,2,2,2,2,2,2,1,2,0,3,1,0,0,0,0,3,3,0,1,60,2
2,2,2,2,2,2,2,2,2,1,2,0,7,1,0,0,0,0,4,7,0,7,48,1
2,2,2,2,2,2,2,2,2,1,1,3,3,5,0,0,0,0,2,1,8,1,70,1
2,2,2,2,2,2,2,2,2,1,2,0,1,5,0,0,0,0,4,1,1,0,45,2
2,2,2,1,2,2,2,2,1,1,2,0,6,5,0,0,0,0,3,1,6,17,58,2
2,2,2,2,2,2,2,2,2,2,0,0,30,5,0,0,0,0,4,30,0,0,73,2
2,2,2,2,2,2,2,2,1,2,0,0,0,5,0,0,0,0,1,2,0,0,62,2
2,2,2,2,2,2,2,2,1,1,1,2,5,2,0,0,0,0,3,2,0,5,62,1
2,2,2,2,2,2,2,2,2,2,0,0,2,5,0,0,0,0,4,3,0,0,48,1
2,2,2,2,2,2,2,2,2,1,2,0,2,5,0,0,0,0,4,2,0,2,47,2
2,2,2,2,2,2,2,2,2,2,0,0,0,5,0,0,0,0,4,2,0,0,28,2
2,2,2,2,2,2,2,2,2,1,2,0,1,5,0,0,0,0,4,5,0,2,62,2
2,2,2,2,2,2,2,2,2,1,1,3,0,5,0,0,0,0,4,1,0,2,31,1
2,2,2,2,2,2,2,2,1,1,2,0,12,5,0,0,0,0,3,12,0,3,69,2
2,2,2,2,2,2,2,2,2,1,1,2,1,5,0,0,0,0,3,1,2,4,48,2
2,2,2,2,2,2,2,2,2,1,2,0,1,5,0,0,0,0,2,2,1,0,58,2
2,2,2,2,2,2,2,2,2,1,2,0,4,3,0,0,0,0,4,4,6,0,64,1
2,2,1,2,2,2,1,1,2,2,0,0,1,5,0,0,0,0,4,4,0,0,38,2
2,2,2,2,2,2,2,2,2,2,0,0,0,3,0,0,0,0,4,10,0,0,57,2
2,2,2,2,2,2,2,2,2,2,0,0,1,5,0,0,0,0,4,1,0,0,37,2
2,2,1,2,2,2,2,2,2,2,0,0,0,5,0,0,0,0,5,0,0,0,81,2
2,2,2,2,2,2,2,2,2,2,0,0,0,5,0,0,0,0,5,0,0,0,61,1
2,2,2,2,2,2,2,2,2,1,2,0,0,5,0,0,0,0,5,0,5,10,49,2
2,2,2,2,2,2,2,2,2,1,2,0,1,5,0,0,0,0,3,1,2,2,46,2
2,2,2,2,2,1,2,2,2,1,2,0,3,5,0,0,0,0,3,1,0,1,60,2
2,2,2,2,2,2,2,2,1,2,0,0,0,5,0,0,0,0,3,6,0,0,64,2
2,2,2,2,2,2,2,2,2,1,2,0,2,5,0,0,0,0,4,20,0,15,64,1
2,2,2,2,2,2,2,2,2,1,2,0,0,1,2,0,0,0,3,4,10,2,63,2
2,2,2,2,2,2,2,2,2,1,2,0,12,5,0,0,0,0,3,1,0,20,77,2
2,2,2,2,2,2,2,2,2,1,2,0,12,1,2,3,0,0,2,2,0,3,55,2
2,2,2,2,2,2,2,2,2,2,0,0,0,5,0,0,0,0,3,1,0,0,22,1
2,2,2,2,2,2,2,2,2,1,2,0,0,1,0,0,0,0,3,6,0,3,63,1
2,2,2,2,2,2,2,2,2,1,1,1,0,1,0,0,0,0,3,12,0,10,69,1
2,2,2,1,2,2,2,2,2,1,2,0,1,2,0,0,0,0,3,2,11,6,59,2
2,2,2,2,2,2,2,2,2,1,2,0,0,2,4,0,0,0,3,1,0,10,20,1
2,2,2,2,2,2,2,2,2,1,2,0,4,1,0,0,0,0,2,1,0,24,58,2
2,1,2,2,2,1,2,2,1,1,2,0,12,3,0,0,0,0,3,1,0,10,67,2
2,2,2,2,2,2,2,2,1,1,1,2,2,5,0,0,0,0,4,2,0,24,66,2
2,2,2,2,2,2,2,2,1,1,2,0,12,3,0,0,0,0,3,12,0,4,77,2
0,0,0,0,0,2,2,2,0,2,0,0,0,5,0,0,0,0,4,1,0,0,43,2
0,0,0,0,0,2,2,2,0,2,0,0,12,5,0,0,0,0,3,1,0,0,37,2
2,2,2,2,2,1,2,2,2,2,0,0,0,5,0,0,0,0,4,1,0,0,61,2
2,2,2,2,2,2,2,2,2,1,2,0,0,5,0,0,0,0,3,1,2,2,57,1
2,2,2,2,2,2,2,2,2,1,2,0,2,1,0,0,0,0,4,3,0,20,73,2
2,2,2,2,2,2,2,2,1,1,1,1,3,1,4,0,0,0,1,2,11,0,50,2
2,2,2,2,2,2,2,2,2,2,0,0,0,4,0,0,0,0,4,3,0,0,50,2
2,2,2,1,1,2,2,2,1,1,2,0,0,3,0,0,0,0,4,6,0,3,43,2
2,2,2,2,2,2,2,2,2,1,2,0,0,5,0,0,0,0,4,12,0,13,47,2
2,2,2,2,2,2,2,2,2,1,2,0,12,1,3,0,0,0,1,1,0,11,64,1
2,2,2,2,2,2,2,2,2,1,1,1,1,1,0,0,0,0,4,1,0,10,38,1
2,2,2,2,2,2,2,2,2,2,0,0,12,1,0,0,0,0,3,1,0,0,55,1
2,2,2,2,2,2,2,2,2,1,2,0,12,5,0,0,0,0,3,1,0,6,61,2
2,2,2,2,2,2,1,2,2,1,2,0,3,1,0,0,0,0,1,2,0,15,68,1
2,2,2,2,2,2,2,2,2,2,0,0,2,1,0,0,0,0,4,3,0,0,55,1
2,2,2,2,2,2,2,2,2,1,1,2,0,5,0,0,0,0,4,4,0,4,53,1
2,2,1,2,2,2,2,2,2,2,0,0,5,5,0,0,0,0,4,3,0,0,41,2
2,2,2,2,2,2,2,2,2,1,2,0,1,1,0,0,0,0,3,1,0,16,74,1
2,2,2,2,2,2,2,2,1,1,1,1,2,3,0,0,0,0,2,1,3,0,77,2
2,2,2,2,2,2,2,2,2,2,0,0,0,1,0,0,0,0,2,1,0,0,57,2
2,2,2,2,2,2,2,2,2,1,2,0,12,5,0,0,0,0,3,1,0,5,61,2
2,2,2,2,2,2,2,2,2,1,1,1,12,2,0,0,0,0,3,1,0,5,60,1
1,2,2,2,2,2,2,2,2,2,0,0,1,5,0,0,0,0,4,1,0,0,62,1
2,2,2,2,2,2,2,2,2,1,2,0,12,2,3,0,0,0,3,1,0,12,64,1
2,2,2,2,2,2,2,2,2,1,2,0,4,1,0,0,0,0,4,4,0,8,56,1
2,2,2,2,2,2,2,2,2,1,2,0,12,1,2,0,0,0,3,12,6,2,61,1
2,2,2,2,1,2,2,2,2,1,1,2,4,5,0,0,0,0,3,4,0,15,54,2
2,2,2,2,2,2,2,2,2,2,0,0,10,5,0,0,0,0,2,10,0,0,54,2
2,2,2,2,2,2,2,2,2,1,2,0,0,5,0,0,0,0,4,6,0,3,55,2
2,2,2,2,2,2,2,2,2,1,1,1,12,5,0,0,0,0,3,1,0,5,59,2
2,1,2,2,2,1,2,2,2,1,2,0,12,3,0,0,0,0,3,1,0,18,63,2
2,2,2,2,2,2,2,2,2,1,1,1,12,5,0,0,0,0,3,1,0,6,63,2
2,2,2,2,2,2,2,2,2,1,1,1,12,3,0,0,0,0,3,12,0,2,57,2
2,2,2,2,2,2,2,2,2,1,2,0,12,5,0,0,0,0,4,12,0,6,62,2
2,2,2,1,2,2,2,2,2,2,0,0,3,5,0,0,0,0,4,3,0,0,51,2
2,2,2,2,2,2,2,2,2,2,0,0,2,5,0,0,0,0,4,2,0,0,27,1
0,0,0,0,0,2,2,2,0,2,0,0,0,5,0,0,0,0,5,0,0,0,36,2
2,2,2,2,2,2,2,2,2,1,2,0,6,5,0,0,0,0,4,6,0,10,58,2
2,2,2,1,2,2,2,2,1,1,2,0,12,5,0,0,0,0,2,1,0,17,62,2
2,2,2,2,2,2,2,2,2,1,1,1,0,5,0,0,0,0,3,2,0,2,53,2
2,2,2,1,1,2,2,2,2,1,2,0,5,5,0,0,0,0,1,1,0,8,75,2
2,2,2,2,2,2,2,2,2,1,1,4,3,5,0,0,0,0,4,3,3,0,55,2
2,2,2,2,2,2,2,2,1,1,2,0,9,5,0,0,0,0,1,1,0,4,44,2
2,2,2,2,2,2,2,2,2,1,1,4,1,5,0,0,0,0,4,1,0,1,60,1
2,2,2,2,2,2,2,2,1,1,2,0,12,1,2,3,0,0,3,1,0,10,65,2
2,2,2,2,2,2,2,1,2,1,1,1,6,1,0,0,0,0,1,1,6,0,49,1
2,2,2,2,2,2,2,2,2,1,1,1,0,2,0,0,0,0,4,3,0,7,58,1
2,2,2,2,2,2,2,2,1,1,2,0,1,5,0,0,0,0,4,1,0,5,61,2
2,2,2,2,2,2,2,2,2,1,1,3,5,5,0,0,0,0,2,1,0,6,30,2
2,2,2,2,2,2,2,2,2,2,0,0,0,5,0,0,0,0,1,1,0,0,46,2
2,2,2,2,2,2,2,2,2,1,2,0,12,5,0,0,0,0,2,3,0,20,32,1
2,2,2,2,2,2,2,2,2,1,2,0,1,5,0,0,0,0,1,1,0,8,74,1
2,2,2,2,2,2,2,2,2,2,0,0,2,5,0,0,0,0,5,0,0,0,44,1
2,2,2,2,2,2,2,2,2,1,2,0,12,5,0,0,0,0,4,12,0,16,48,2
2,2,2,2,2,2,2,2,1,1,1,1,0,1,2,3,0,0,3,2,0,6,49,2
2,2,2,2,2,2,2,2,2,1,2,0,12,5,0,0,0,0,3,1,0,8,48,2
2,2,2,2,2,2,1,2,2,2,0,0,0,4,0,0,0,0,4,2,0,0,50,2
2,2,2,2,2,2,2,2,1,2,0,0,0,2,0,0,0,0,1,2,0,0,40,2
2,2,2,2,2,2,2,2,2,1,1,2,0,1,4,0,0,0,3,1,0,6,46,2
2,2,2,2,2,2,2,2,2,2,0,0,5,5,0,0,0,0,4,5,0,0,38,1
2,2,2,2,2,2,2,2,2,2,0,0,5,5,0,0,0,0,2,1,0,0,28,2
2,2,2,2,2,2,2,2,1,1,1,1,0,5,0,0,0,0,5,0,0,6,77,2
2,1,1,2,2,1,2,1,1,1,1,1,6,5,0,0,0,0,4,6,0,20,51,2
2,2,2,2,2,2,2,2,1,1,2,0,1,5,0,0,0,0,4,3,0,15,38,2
2,2,2,2,2,2,2,2,2,1,2,0,1,5,0,0,0,0,4,2,1,0,52,2
2,2,2,2,2,2,2,2,1,1,1,1,4,5,0,0,0,0,4,4,2,0,44,2
2,2,2,2,2,2,2,2,2,1,2,0,0,5,0,0,0,0,4,12,1,0,58,2
2,2,2,2,2,2,2,2,2,2,0,0,10,5,0,0,0,0,3,1,0,0,55,1
2,2,2,2,1,2,2,2,2,1,1,3,10,1,0,0,0,0,3,1,0,2,32,2
2,2,2,2,2,2,2,2,2,1,1,2,6,5,0,0,0,0,4,6,0,1,37,2
2,2,2,2,2,2,2,2,2,1,2,0,12,5,0,0,0,0,3,1,0,10,50,2
2,2,2,2,2,2,2,2,2,2,0,0,0,5,0,0,0,0,4,2,0,0,60,1
0,0,0,0,0,2,2,2,0,2,0,0,0,5,0,0,0,0,5,0,0,0,28,2
2,2,2,2,2,2,2,2,2,1,2,0,0,5,0,0,0,0,4,3,0,10,36,2
2,2,2,2,2,2,2,2,2,1,1,3,0,5,0,0,0,0,5,0,0,1,39,1
2,2,2,2,2,2,2,2,2,1,2,0,12,1,2,3,0,0,3,48,0,7,44,2
2,2,2,2,2,2,2,2,2,1,2,0,12,5,0,0,0,0,3,12,0,4,64,2
2,2,2,2,2,2,2,2,2,1,2,0,4,5,0,0,0,0,4,4,11,7,66,1
2,2,2,2,2,2,2,2,2,1,2,0,11,5,0,0,0,0,3,1,11,5,55,2
2,2,2,2,2,2,2,2,2,1,1,4,3,5,0,0,0,0,4,1,8,8,53,1
2,2,2,2,2,2,2,1,2,2,0,0,0,5,0,0,0,0,4,2,0,0,29,1
2,2,2,2,2,2,2,2,1,1,2,0,4,3,0,0,0,0,3,1,0,4,85,2
2,2,2,2,2,2,2,2,2,1,2,0,6,1,2,3,0,0,3,1,0,2,77,2
2,2,2,2,2,2,1,2,2,1,2,0,12,1,0,0,0,0,3,1,0,20,81,2
2,2,2,2,2,2,2,2,2,1,2,0,12,1,3,0,0,0,2,1,0,10,64,2
2,2,2,2,2,1,1,2,1,1,2,0,3,1,3,0,0,0,3,3,0,2,75,1
2,2,2,2,2,2,2,2,1,2,0,0,0,5,0,0,0,0,4,8,0,0,66,2
2,2,2,2,2,2,2,2,1,1,1,2,12,5,0,0,0,0,3,1,0,2,68,1
2,2,1,2,2,2,2,2,2,1,2,0,12,1,0,0,0,0,3,1,0,6,67,2
2,2,2,2,2,2,2,2,1,2,0,0,2,5,0,0,0,0,3,1,0,0,42,2
2,2,2,2,2,2,2,2,2,1,2,0,0,1,3,0,0,0,3,1,0,10,52,2
2,2,2,2,2,2,2,2,2,1,2,0,0,5,0,0,0,0,4,3,0,20,67,1
2,2,2,2,2,2,2,2,2,1,2,0,0,5,0,0,0,0,2,1,0,4,38,2
2,2,2,2,2,1,2,2,2,1,1,1,2,1,3,0,0,0,1,2,3,8,41,2
2,2,2,2,2,2,2,2,2,1,2,0,12,5,0,0,0,0,3,1,0,4,52,2
0,0,0,0,0,2,2,2,0,1,2,0,3,5,0,0,0,0,4,3,9,0,35,2
2,2,2,2,2,2,2,2,2,1,2,0,0,5,0,0,0,0,3,2,0,3,70,1
2,2,2,1,2,2,2,2,2,2,0,0,3,5,0,0,0,0,3,3,0,0,31,2
2,2,2,1,2,2,1,2,2,1,2,0,3,5,0,0,0,0,2,5,0,1,51,2
2,2,2,1,1,2,1,2,2,1,1,1,0,2,3,0,0,0,3,1,0,5,54,1
2,2,2,2,2,2,2,2,2,1,1,3,2,5,0,0,0,0,2,1,6,3,54,1
2,2,2,2,2,2,2,2,2,2,0,0,7,5,0,0,0,0,3,1,0,0,32,2
2,2,2,2,2,2,2,2,2,1,2,0,12,5,0,0,0,0,3,12,0,5,65,2
2,2,2,2,2,2,2,2,2,1,1,1,12,5,0,0,0,0,5,0,0,3,67,2
2,2,2,2,2,2,2,2,2,2,0,0,0,5,0,0,0,0,5,0,0,0,37,1
0,0,0,0,0,2,2,2,0,2,0,0,7,1,3,0,0,0,3,2,0,0,37,2
2,2,2,2,2,2,2,2,1,1,2,0,0,3,0,0,0,0,1,2,0,15,57,2
2,2,2,2,2,2,2,2,2,1,2,0,12,5,0,0,0,0,2,3,0,5,83,2
2,2,2,2,2,2,2,2,2,2,0,0,2,5,0,0,0,0,4,2,0,0,40,2
2,2,2,2,2,2,2,2,2,1,2,0,6,5,0,0,0,0,4,6,0,4,55,1
2,2,2,2,2,2,2,2,2,1,2,0,0,5,0,0,0,0,3,1,10,3,73,2
2,2,2,2,2,2,2,2,2,1,1,1,12,5,0,0,0,0,3,1,0,40,67,2
2,2,2,2,2,2,2,2,2,1,2,0,3,5,0,0,0,0,3,5,0,10,76,2
2,2,2,2,2,2,2,2,2,1,2,0,12,5,0,0,0,0,3,1,0,5,69,1
2,2,2,2,2,2,2,2,2,1,2,0,4,3,0,0,0,0,2,1,2,10,50,2
2,2,1,2,2,2,2,2,2,1,2,0,0,5,0,0,0,0,5,0,0,4,60,2
2,2,2,2,2,2,2,2,2,2,0,0,0,5,0,0,0,0,5,0,0,0,39,2
2,2,2,2,2,2,2,2,2,1,2,0,12,1,0,0,0,0,3,1,0,4,49,1
2,2,2,2,2,2,2,2,2,1,1,1,10,5,0,0,0,0,3,1,0,3,67,2
2,2,2,2,2,2,2,2,1,2,0,0,1,5,0,0,0,0,4,3,0,0,47,1
0,0,0,0,0,2,2,2,0,2,0,0,1,5,0,0,0,0,4,1,0,0,21,2
2,2,2,1,2,1,1,2,2,1,2,0,3,5,0,0,0,0,3,1,5,0,47,2
2,2,2,1,2,2,2,2,2,1,2,0,12,5,0,0,0,0,3,2,0,3,43,2
2,2,2,2,2,2,2,2,2,1,2,0,0,5,0,0,0,0,3,1,0,3,46,1
2,2,2,2,2,2,2,2,2,1,2,0,0,1,3,0,0,0,4,1,1,0,35,1
2,2,2,2,2,2,2,2,2,1,1,1,0,1,3,0,0,0,3,1,5,15,66,2
2,2,2,2,2,2,2,2,2,1,2,0,12,1,2,3,0,0,3,12,0,2,68,2
1,2,2,2,2,2,1,2,1,1,2,0,12,5,0,0,0,0,3,1,0,3,67,1
0,0,0,0,0,2,2,2,0,2,0,0,1,5,0,0,0,0,4,1,0,0,23,2
2,2,2,1,1,2,2,2,1,1,2,0,12,2,4,0,0,0,1,2,0,15,54,2
2,2,2,2,2,2,2,2,2,1,1,2,12,5,0,0,0,0,3,2,0,4,64,2
2,2,2,2,2,2,2,2,2,1,2,0,3,5,0,0,0,0,1,1,0,5,77,1
2,2,2,2,2,2,2,2,2,2,0,0,0,5,0,0,0,0,3,12,0,0,56,2
0,0,0,0,0,2,2,2,0,2,0,0,0,5,0,0,0,0,4,3,0,0,29,2
2,2,2,2,2,2,2,2,2,1,2,0,6,5,0,0,0,0,3,1,0,7,52,1
2,2,2,2,2,2,2,2,2,2,0,0,5,5,0,0,0,0,3,1,0,0,75,1
2,2,2,1,2,2,2,2,2,1,1,1,1,5,0,0,0,0,3,1,0,1,62,1
2,2,2,2,2,2,2,2,2,1,2,0,12,1,2,0,0,0,3,12,0,12,61,1
2,2,2,2,2,2,2,2,2,1,2,0,12,3,0,0,0,0,3,1,0,3,48,2
2,2,2,2,2,2,2,2,2,1,2,0,0,2,0,0,0,0,2,3,1,1,38,2
2,2,2,2,2,2,2,2,2,2,0,0,0,5,0,0,0,0,5,0,0,0,37,2
2,2,2,2,2,2,2,2,2,1,2,0,1,5,0,0,0,0,3,1,11,2,67,2
2,2,2,2,2,2,2,2,1,1,2,0,12,4,0,0,0,0,3,1,0,2,71,2
2,2,2,2,2,2,2,2,2,1,2,0,0,5,0,0,0,0,5,0,0,40,87,2
2,2,2,2,2,2,2,2,1,1,2,0,12,5,0,0,0,0,3,1,0,20,69,1
2,2,2,2,2,2,2,2,2,1,1,2,2,5,0,0,0,0,1,1,5,0,70,2
2,2,2,2,2,2,2,2,2,2,0,0,0,5,0,0,0,0,3,6,0,0,36,2
2,2,2,2,2,2,2,2,2,1,2,0,3,5,0,0,0,0,4,3,0,3,66,2
2,2,2,2,2,2,2,2,2,1,2,0,6,5,0,0,0,0,2,1,10,0,62,1
2,2,2,2,2,2,2,2,2,1,1,1,0,5,0,0,0,0,3,1,0,3,65,1
2,2,1,2,2,2,2,1,2,1,2,0,12,1,3,0,0,0,3,1,0,3,59,1
2,2,2,2,2,2,2,1,2,1,1,2,0,1,0,0,0,0,3,2,0,25,83,2
2,2,2,2,2,2,2,2,1,1,2,0,12,5,0,0,0,0,3,1,0,1,49,2
2,2,2,2,2,2,2,2,2,2,0,0,0,5,0,0,0,0,5,0,0,0,35,1
2,2,2,2,2,2,2,2,2,1,1,1,0,1,0,0,0,0,5,0,0,40,68,2
2,2,2,2,2,2,2,2,1,1,1,2,3,5,0,0,0,0,2,1,0,35,58,1
2,2,2,2,2,2,2,2,1,1,2,0,12,5,0,0,0,0,3,1,0,30,80,2
2,2,2,2,2,2,2,2,2,1,2,0,2,5,0,0,0,0,2,2,1,1,88,2
2,2,2,2,2,2,2,2,2,1,2,0,12,4,0,0,0,0,3,1,0,20,88,2
2,2,2,2,2,2,2,2,2,1,1,1,1,1,2,0,0,0,3,1,0,1,57,2
2,2,2,2,2,2,2,2,2,1,2,0,0,5,0,0,0,0,3,1,0,25,60,1
2,2,2,2,2,2,2,2,2,1,2,0,12,5,0,0,0,0,4,12,0,21,76,2
2,2,2,2,2,2,2,2,2,1,1,1,6,5,0,0,0,0,3,1,10,10,73,1
2,2,2,1,1,2,1,2,2,1,2,0,12,1,2,0,0,0,3,1,0,17,56,2
2,2,2,2,2,2,2,2,2,1,2,0,12,5,0,0,0,0,3,1,0,20,77,1
2,2,2,2,2,2,2,2,2,1,2,0,3,5,0,0,0,0,3,1,0,12,65,1
2,2,2,2,2,2,2,2,2,1,2,0,12,2,0,0,0,0,3,12,0,10,50,2
2,2,2,2,2,2,2,2,2,1,1,2,6,5,0,0,0,0,3,1,6,0,51,1
2,2,2,2,2,2,2,2,2,1,2,0,12,5,0,0,0,0,3,1,0,4,45,2
2,2,2,2,2,2,2,2,2,1,1,1,10,2,0,0,0,0,3,10,0,6,54,1
2,2,2,2,2,2,2,2,2,1,2,0,0,5,0,0,0,0,4,3,0,12,52,2
2,2,2,2,2,2,2,2,2,1,2,0,12,1,2,3,4,0,3,1,0,25,46,2
2,2,2,2,2,2,2,2,1,1,1,2,0,5,0,0,0,0,1,2,0,5,75,1
2,2,2,2,2,2,2,2,2,2,0,0,1,5,0,0,0,0,2,2,0,0,46,2
2,2,2,2,2,2,2,2,2,1,1,1,1,5,0,0,0,0,4,4,0,7,34,1
2,2,2,1,2,1,2,2,1,1,2,0,1,5,0,0,0,0,4,4,0,1,52,2
2,2,2,2,2,2,2,2,2,1,1,1,12,5,0,0,0,0,3,1,0,20,58,1
2,2,2,2,2,2,2,2,1,1,2,0,0,5,0,0,0,0,3,12,0,13,51,2
2,2,2,2,2,2,2,2,2,1,2,0,12,1,0,0,0,0,3,1,0,5,51,1
2,2,2,2,2,2,2,2,2,1,2,0,12,5,0,0,0,0,3,1,0,33,78,2
2,2,2,2,2,2,2,2,2,1,2,0,12,5,0,0,0,0,3,12,0,2,77,2
2,2,2,2,2,2,2,2,2,1,1,2,12,5,0,0,0,0,4,3,0,12,42,2
2,2,2,2,2,2,2,2,2,1,1,4,0,5,0,0,0,0,4,2,0,18,53,2
2,2,2,2,2,2,2,2,1,1,2,0,12,5,0,0,0,0,3,12,0,10,60,2
2,2,2,2,2,2,2,2,2,1,2,0,1,5,0,0,0,0,4,5,1,0,51,2
2,2,2,2,2,2,1,2,2,1,2,0,12,5,0,0,0,0,3,1,0,3,43,2
2,2,2,2,2,2,2,2,2,1,2,0,11,5,0,0,0,0,4,4,11,0,52,1
1,2,2,1,1,2,1,2,1,1,2,0,12,3,0,0,0,0,1,1,0,3,54,2
2,2,2,2,2,2,2,2,2,1,2,0,12,3,0,0,0,0,3,12,0,15,78,2
2,2,2,2,2,2,2,2,2,1,2,0,12,5,0,0,0,0,3,1,0,10,60,1
1,2,2,1,2,2,2,2,2,1,2,0,9,2,0,0,0,0,3,9,99,5,56,2
2,2,2,2,2,2,2,2,2,2,0,0,0,4,0,0,0,0,5,0,0,0,66,2
2,2,2,2,2,2,2,2,2,1,2,0,0,5,0,0,0,0,5,0,0,3,41,1
2,2,2,2,2,2,2,2,2,2,0,0,0,1,0,0,0,0,3,1,0,0,30,2
2,2,2,2,2,2,2,2,1,1,2,0,11,1,2,0,0,0,3,3,0,20,82,2
2,2,2,2,2,2,2,2,2,1,1,1,1,5,0,0,0,0,2,1,0,2,58,2
2,2,2,2,2,2,2,2,2,1,1,4,3,5,0,0,0,0,3,5,0,10,48,2
2,2,2,2,2,2,2,2,2,1,1,1,2,5,0,0,0,0,4,4,0,2,49,2
2,2,2,2,2,2,2,2,2,1,2,0,12,2,0,0,0,0,3,1,0,3,34,2
2,2,2,2,2,2,2,2,2,1,1,2,0,5,0,0,0,0,2,1,0,15,45,2
2,2,2,2,2,2,1,2,1,2,0,0,6,4,0,0,0,0,4,3,0,0,55,2
2,2,2,2,2,2,2,2,2,1,1,1,0,5,0,0,0,0,2,2,3,30,46,2
2,2,2,2,2,2,2,2,2,1,2,0,12,5,0,0,0,0,3,1,0,2,49,1
2,2,2,2,2,2,2,2,2,1,2,0,1,5,0,0,0,0,4,2,0,12,63,2
2,2,2,1,1,2,2,2,2,1,1,1,12,5,0,0,0,0,2,3,0,1,47,1
2,2,2,1,2,2,2,2,1,2,0,0,2,2,0,0,0,0,4,2,0,0,46,1
2,2,2,2,2,2,2,2,1,2,0,0,0,5,0,0,0,0,5,0,0,0,49,2
2,2,2,1,1,2,2,2,1,1,1,3,12,3,0,0,0,0,3,2,0,4,62,2
2,2,2,1,2,2,2,2,2,2,0,0,2,3,0,0,0,0,4,8,0,0,31,2
2,2,2,2,2,2,1,2,2,1,2,0,10,3,0,0,0,0,3,1,0,20,65,2
2,2,2,2,2,2,2,2,2,1,1,2,0,5,0,0,0,0,3,1,0,3,57,2
2,2,2,2,2,2,2,2,2,2,0,0,1,5,0,0,0,0,4,1,0,0,43,1
2,2,2,2,2,2,2,2,1,1,2,0,12,1,3,0,0,0,3,1,0,15,67,2
2,2,2,2,2,2,2,2,2,1,2,0,6,5,0,0,0,0,3,1,0,10,67,2
2,2,2,2,2,2,2,2,2,1,1,1,6,5,0,0,0,0,4,6,0,3,46,1
2,2,2,2,2,2,2,2,2,1,2,0,12,5,0,0,0,0,3,1,0,1,43,2
2,2,2,2,2,2,2,2,1,1,2,0,12,1,3,0,0,0,3,1,0,1,68,1
2,2,2,2,2,2,2,2,2,1,2,0,12,1,0,0,0,0,4,12,0,17,68,2
2,2,2,2,2,2,2,2,2,1,2,0,1,1,2,3,0,0,4,12,0,30,76,2
2,2,2,2,2,2,2,2,2,1,2,0,12,1,3,0,0,0,4,12,0,25,56,2
2,2,2,2,2,2,2,2,2,1,2,0,12,5,0,0,0,0,3,1,0,5,74,2
2,2,2,2,2,2,2,2,2,1,2,0,12,5,0,0,0,0,2,5,0,6,77,2
2,2,2,2,2,2,2,2,2,1,1,1,5,5,0,0,0,0,3,1,10,20,70,1
2,2,2,2,2,2,2,2,2,1,2,0,0,1,3,0,0,0,3,1,1,0,40,1
2,2,2,2,2,2,2,2,2,1,1,2,12,3,0,0,0,0,3,1,0,20,78,2
2,2,2,2,2,2,2,2,2,1,2,0,12,5,0,0,0,0,3,1,0,4,68,1
2,2,2,2,2,2,2,2,2,1,2,0,12,1,0,0,0,0,4,12,0,15,85,2
2,2,2,2,2,2,2,2,1,1,2,0,12,3,4,0,0,0,3,1,0,6,63,2
2,2,2,2,2,2,2,2,2,1,2,0,12,5,0,0,0,0,3,1,0,6,60,2
2,2,2,2,1,2,2,2,2,1,1,1,12,5,0,0,0,0,3,12,0,15,82,1
2,2,2,1,2,2,1,2,1,1,1,2,12,5,0,0,0,0,3,2,0,20,77,2
2,2,2,2,2,2,2,2,2,2,0,0,0,5,0,0,0,0,3,1,0,0,49,2
2,2,2,2,2,2,2,2,1,1,1,3,0,5,0,0,0,0,4,5,0,13,44,2
2,2,2,2,2,2,2,2,1,2,0,0,0,5,0,0,0,0,3,1,0,0,56,2
2,2,2,2,2,2,2,2,2,1,2,0,12,5,0,0,0,0,4,12,0,8,70,2
2,2,2,2,2,1,2,2,2,1,2,0,4,5,0,0,0,0,1,1,0,15,62,2
2,2,2,2,2,2,2,2,2,1,1,1,0,1,0,0,0,0,5,0,0,10,80,1
2,2,2,2,2,2,2,2,1,1,1,2,2,5,0,0,0,0,2,1,3,1,42,1
2,2,2,2,2,2,2,2,2,1,2,0,2,5,0,0,0,0,4,2,0,12,50,2
2,2,2,2,2,2,2,2,2,1,2,0,12,5,0,0,0,0,2,3,3,3,66,2
2,2,2,2,2,2,2,2,2,1,1,2,2,5,0,0,0,0,4,1,2,0,42,1
1,2,2,1,1,1,1,1,2,2,0,0,3,4,0,0,0,0,2,1,0,0,77,2
2,2,2,2,2,2,2,2,2,2,0,0,1,5,0,0,0,0,2,1,0,0,63,2
2,2,2,1,2,2,2,2,1,1,2,0,5,5,0,0,0,0,3,5,5,0,47,2
2,2,2,2,2,2,2,2,1,1,1,2,3,5,0,0,0,0,4,3,0,6,75,2
2,2,2,2,2,2,2,2,2,1,2,0,90,5,0,0,0,0,1,1,3,0,66,2
2,2,2,1,2,2,1,2,1,1,1,1,12,3,0,0,0,0,2,15,1,30,51,2
2,2,2,2,2,2,2,2,2,1,1,4,0,5,0,0,0,0,4,1,1,0,36,2
2,2,2,2,2,2,1,2,2,1,1,4,1,5,0,0,0,0,2,4,1,2,48,1
2,2,2,2,2,2,2,2,2,1,2,0,0,5,0,0,0,0,5,0,0,2,65,2
0,0,0,0,0,2,2,2,0,2,0,0,0,5,0,0,0,0,5,0,0,0,33,2
2,2,2,2,2,2,2,2,2,1,2,0,1,2,0,0,0,0,3,1,0,6,70,1
2,2,2,2,2,2,2,2,2,1,2,0,2,5,0,0,0,0,3,2,3,0,37,1
2,2,2,2,2,2,2,2,2,1,1,1,6,5,0,0,0,0,3,1,0,2,56,2
2,2,2,2,2,2,2,2,2,1,1,3,6,4,0,0,0,0,3,6,0,2,29,1
2,2,2,2,2,2,2,2,2,1,2,0,11,5,0,0,0,0,3,1,0,3,57,2
2,2,2,2,2,2,2,2,2,1,2,0,0,5,0,0,0,0,3,1,1,0,63,2
2,2,2,2,2,2,2,2,2,1,2,0,1,5,0,0,0,0,3,1,0,23,70,1
2,2,2,2,2,2,2,2,1,1,1,1,6,1,0,0,0,0,3,1,0,6,57,2
2,2,2,2,2,2,2,2,2,1,2,0,12,5,0,0,0,0,3,12,0,6,50,2
2,2,2,2,2,2,2,2,2,1,2,0,12,5,0,0,0,0,3,1,3,1,58,2
2,2,2,2,2,2,2,2,2,1,2,0,0,5,0,0,0,0,3,1,0,10,63,2
2,2,2,2,2,2,1,2,2,1,2,0,12,1,0,0,0,0,3,1,0,20,71,2
2,2,2,2,2,2,2,2,2,1,1,2,6,5,0,0,0,0,3,6,0,5,85,2
2,2,2,2,2,2,2,2,2,1,2,0,12,5,0,0,0,0,3,1,0,3,49,2
2,2,2,2,2,2,2,2,2,1,1,2,12,2,0,0,0,0,3,12,0,27,52,2
2,2,2,2,2,2,2,2,2,1,2,0,12,5,0,0,0,0,3,1,0,20,77,2
2,2,2,2,2,2,2,2,2,2,0,0,2,5,0,0,0,0,3,2,0,0,64,1
2,2,2,2,2,2,2,2,2,1,2,0,12,1,3,0,0,0,3,12,0,5,72,1
2,2,2,2,2,2,2,2,2,2,0,0,0,5,0,0,0,0,3,12,0,0,37,1
2,2,2,2,2,2,2,2,2,1,2,0,2,5,0,0,0,0,4,2,0,7,76,1
2,2,2,2,2,2,2,2,2,2,0,0,0,5,0,0,0,0,3,1,0,0,27,2
2,2,2,2,2,2,2,2,1,1,2,0,12,5,0,0,0,0,3,12,0,5,68,2
2,2,2,2,2,2,2,2,2,1,1,3,12,1,3,0,0,0,3,1,0,3,64,2
2,2,2,2,2,2,1,2,1,1,2,0,12,1,2,3,0,0,3,12,0,5,64,2
2,2,2,2,2,2,2,2,2,2,0,0,4,5,0,0,0,0,4,4,0,0,28,2
2,2,2,2,2,2,2,2,2,1,2,0,12,5,0,0,0,0,3,2,0,13,67,2
2,2,2,2,2,2,1,2,2,1,2,0,2,3,0,0,0,0,5,0,0,13,70,2
2,2,2,2,2,2,2,2,2,2,0,0,6,5,0,0,0,0,3,6,0,0,21,2
2,2,2,2,2,2,2,2,2,1,2,0,12,3,0,0,0,0,3,1,2,2,58,1
2,2,2,2,2,2,2,2,2,1,2,0,8,1,3,0,0,0,4,2,0,23,78,2
2,2,2,2,2,2,2,2,2,1,1,4,3,2,3,0,0,0,3,4,0,58,59,2
2,2,2,2,2,2,2,2,2,1,2,0,6,5,0,0,0,0,4,6,0,3,65,2
2,2,2,2,2,2,2,2,2,1,2,0,12,5,0,0,0,0,3,1,0,15,74,2
2,2,2,2,2,2,2,2,1,1,2,0,12,1,3,0,0,0,3,1,0,16,58,1
2,2,2,2,2,2,2,2,2,1,1,3,12,3,0,0,0,0,3,1,0,4,77,2
2,2,2,2,2,2,2,2,2,1,2,0,2,5,0,0,0,0,3,2,0,3,34,1
2,2,2,2,2,2,2,2,2,1,1,2,10,1,2,0,0,0,1,1,0,5,57,1
2,2,2,2,2,2,2,2,2,1,1,4,0,5,0,0,0,0,1,2,1,1,28,2
2,2,2,2,2,2,2,2,2,1,1,1,12,2,0,0,0,0,3,1,0,4,68,2
2,2,2,2,2,2,2,2,2,1,2,0,12,5,0,0,0,0,3,12,0,10,66,2
2,2,2,2,2,2,2,2,1,1,2,0,0,5,0,0,0,0,5,0,0,18,72,1
2,2,2,2,2,2,2,2,1,1,2,0,12,5,0,0,0,0,4,12,0,23,52,2
2,2,2,2,2,1,2,2,2,2,0,0,1,5,0,0,0,0,4,1,0,0,73,1
2,2,2,2,2,1,1,2,2,1,2,0,11,1,0,0,0,0,1,1,2,8,69,2
2,2,2,2,2,2,2,2,2,1,2,0,12,5,0,0,0,0,3,12,0,5,73,1
2,2,2,2,2,2,2,2,1,1,1,1,1,5,0,0,0,0,4,3,10,0,40,1
2,2,2,2,2,2,2,2,2,1,2,0,0,5,0,0,0,0,5,0,0,2,55,1
2,2,2,2,2,2,2,2,2,1,2,0,0,5,0,0,0,0,1,1,0,30,65,1
2,2,2,2,2,2,2,2,1,1,1,1,0,1,0,0,0,0,3,1,0,18,67,1
2,2,2,2,2,2,2,2,2,1,2,0,10,5,0,0,0,0,3,12,0,14,36,2
2,1,2,1,2,1,1,2,2,1,1,1,12,5,0,0,0,0,3,1,0,20,64,2
2,2,2,2,2,2,2,2,2,2,0,0,5,5,0,0,0,0,5,0,0,0,44,2
2,2,2,2,2,2,2,2,2,1,2,0,12,5,0,0,0,0,3,1,0,35,72,2
2,2,2,2,2,2,2,2,2,2,0,0,0,5,0,0,0,0,3,3,0,0,44,1
2,2,2,2,2,2,2,2,2,1,2,0,0,5,0,0,0,0,3,2,0,30,93,2
2,2,2,2,2,2,2,2,1,1,1,4,12,2,0,0,0,0,3,1,0,8,58,1
2,2,2,2,2,2,2,2,2,1,2,0,12,1,0,0,0,0,3,1,0,32,65,2
2,2,2,2,2,2,2,2,2,1,2,0,0,5,0,0,0,0,3,1,1,10,67,2
2,2,2,2,2,2,2,2,2,1,2,0,12,1,0,0,0,0,3,1,0,14,72,2
2,2,2,2,2,2,2,2,2,1,2,0,2,5,0,0,0,0,3,1,0,4,21,2
2,2,2,2,2,2,2,2,2,1,2,0,12,1,0,0,0,0,2,2,5,0,51,1
2,2,2,2,2,2,2,2,2,2,0,0,1,5,0,0,0,0,2,1,0,0,56,2
2,2,2,2,2,2,2,2,2,1,2,0,12,5,0,0,0,0,4,1,0,21,50,2
2,2,2,2,2,2,2,2,2,2,0,0,5,5,0,0,0,0,1,2,0,0,32,2
0,0,0,0,0,2,2,2,0,2,0,0,0,5,0,0,0,0,5,0,0,0,23,2
2,2,1,2,2,2,2,1,2,1,1,2,0,5,0,0,0,0,2,5,0,3,48,2
2,2,2,2,2,2,2,2,2,2,0,0,0,5,0,0,0,0,4,2,0,0,22,2
2,2,2,2,2,2,2,2,1,1,2,0,12,5,0,0,0,0,3,2,0,5,73,2
2,2,2,2,2,2,2,2,2,2,0,0,0,5,0,0,0,0,5,0,0,0,49,1
2,2,2,2,2,2,2,2,2,1,1,1,3,5,0,0,0,0,4,3,0,15,50,1
2,2,2,2,2,2,2,2,2,2,0,0,1,1,0,0,0,0,2,4,0,0,26,2
2,2,2,2,2,2,2,2,2,1,2,0,12,5,0,0,0,0,3,1,0,7,56,2
2,2,2,2,2,2,2,2,1,1,2,0,0,1,0,0,0,0,5,0,10,10,80,2
2,2,2,2,2,2,2,2,2,1,2,0,6,4,0,0,0,0,2,1,0,3,46,2
2,2,2,2,2,2,2,2,2,1,2,0,0,5,0,0,0,0,3,2,0,3,42,2
2,2,2,1,1,2,2,2,2,1,2,0,12,5,0,0,0,0,4,12,0,2,50,2
2,2,2,2,2,2,2,2,2,1,1,1,12,5,0,0,0,0,4,12,0,10,69,2
2,2,2,2,2,2,2,2,2,1,2,0,12,5,0,0,0,0,4,12,0,5,45,2
2,2,2,2,2,2,2,2,2,1,2,0,12,5,0,0,0,0,3,1,0,5,63,1
2,2,2,2,2,2,2,2,1,1,2,0,6,5,0,0,0,0,3,2,0,5,76,2
2,2,2,2,2,2,2,2,2,1,2,0,12,5,0,0,0,0,3,1,0,10,69,2
2,2,2,2,2,2,2,2,2,1,1,1,11,5,0,0,0,0,3,11,0,2,49,2
2,1,2,2,2,1,2,2,2,1,1,2,0,5,0,0,0,0,5,0,1,13,62,2
2,2,2,2,2,2,2,2,2,2,0,0,0,5,0,0,0,0,5,0,0,0,63,1
2,2,2,2,2,2,2,2,2,2,0,0,0,5,0,0,0,0,5,0,0,0,38,1
2,2,2,2,2,2,2,2,2,1,1,2,4,5,0,0,0,0,2,2,0,6,45,2
2,1,2,2,2,1,2,2,2,1,2,0,12,5,0,0,0,0,3,1,11,1,45,2
2,2,2,2,2,2,2,2,2,1,2,0,12,1,2,3,0,0,3,1,0,5,61,1
2,2,2,2,2,2,2,2,2,2,0,0,4,5,0,0,0,0,3,1,0,0,40,2
2,2,2,2,2,2,2,2,2,1,2,0,12,1,2,0,0,0,3,1,0,5,57,2
2,2,2,2,2,2,2,2,2,2,0,0,1,5,0,0,0,0,3,6,0,0,20,2
2,2,2,2,2,2,2,2,2,1,2,0,12,5,0,0,0,0,3,1,0,1,30,1
2,2,2,2,2,2,2,2,2,1,2,0,12,1,0,0,0,0,3,1,0,21,61,2
0,0,0,0,0,2,2,2,0,2,0,0,3,5,0,0,0,0,1,1,0,0,29,2
2,2,2,2,2,2,2,2,2,1,2,0,0,3,0,0,0,0,5,0,0,8,57,2
2,1,2,1,2,1,1,2,2,1,1,1,4,5,0,0,0,0,3,1,0,5,55,2
2,2,2,1,2,2,2,2,2,1,2,0,0,1,0,0,0,0,3,1,0,24,60,2
2,2,2,2,2,2,2,2,2,2,0,0,2,5,0,0,0,0,4,1,0,0,30,1
2,2,2,2,2,2,2,2,2,1,2,0,0,1,2,0,0,0,3,1,1,6,56,2
2,2,2,2,2,2,2,2,2,1,2,0,2,1,2,3,0,0,3,1,0,10,81,2
2,2,2,2,2,2,2,2,2,1,1,1,0,1,3,0,0,0,1,3,5,16,70,1
2,2,2,2,2,2,2,2,2,1,2,0,0,1,2,0,0,0,3,1,0,6,60,2
2,2,2,2,2,2,2,2,2,2,0,0,6,5,0,0,0,0,4,6,0,0,50,2
2,2,2,2,2,2,2,2,2,1,2,0,12,5,0,0,0,0,3,1,0,4,64,2
2,2,2,2,2,2,2,2,2,1,2,0,0,5,0,0,0,0,3,1,0,12,69,2
2,2,2,2,2,2,2,2,2,2,0,0,0,5,0,0,0,0,4,1,0,0,44,1
2,2,2,2,2,2,2,2,2,1,1,2,3,5,0,0,0,0,3,1,0,4,65,2
2,2,2,2,2,2,2,2,1,1,2,0,3,5,0,0,0,0,4,4,6,1,56,2
2,2,2,2,2,2,2,2,2,1,2,0,12,1,2,3,0,0,3,1,0,1,72,2
2,2,2,2,2,2,2,2,2,1,2,0,12,1,0,0,0,0,3,1,0,10,61,2
2,2,2,2,2,2,2,2,2,2,0,0,0,5,0,0,0,0,3,1,0,0,63,1
2,2,2,2,2,2,2,2,2,1,2,0,0,5,0,0,0,0,3,1,0,25,53,2
2,2,2,2,2,2,2,2,2,2,0,0,0,5,0,0,0,0,1,1,0,0,53,2
2,2,2,2,2,2,2,2,2,1,2,0,12,5,0,0,0,0,3,12,0,12,43,1
2,2,2,2,2,2,2,2,2,1,1,2,0,5,0,0,0,0,4,2,0,1,41,2
2,2,2,2,2,2,2,2,1,1,1,2,12,1,3,0,0,0,3,2,6,3,72,1
2,2,2,2,2,2,2,2,1,1,1,2,6,1,2,0,0,0,2,3,0,1,35,2
2,2,2,2,2,2,2,2,2,1,2,0,12,5,0,0,0,0,3,1,0,3,50,2
2,2,2,2,2,2,2,2,2,2,0,0,0,5,0,0,0,0,4,8,0,0,34,1
2,2,2,2,2,2,2,2,2,2,0,0,12,5,0,0,0,0,3,1,0,0,74,2
2,2,2,2,2,2,2,2,2,1,2,0,0,5,0,0,0,0,4,6,0,10,57,2
2,2,2,2,2,2,2,2,2,1,2,0,0,5,0,0,0,0,3,1,0,10,80,1
2,2,2,2,2,2,2,2,2,1,2,0,3,5,0,0,0,0,1,1,0,3,55,2
2,2,1,2,2,2,2,2,2,2,0,0,0,5,0,0,0,0,4,2,0,0,31,1
2,2,2,1,2,2,2,2,2,1,2,0,8,3,0,0,0,0,1,1,0,4,47,2
2,2,2,2,2,2,2,2,2,1,2,0,12,1,3,0,0,0,3,1,0,3,55,2
2,2,2,2,2,2,2,2,1,1,2,0,5,5,0,0,0,0,3,10,0,4,49,1
2,2,2,2,2,2,2,2,2,1,2,0,11,5,0,0,0,0,3,11,0,20,68,1
2,2,2,2,2,2,2,2,2,1,2,0,0,2,4,0,0,0,3,2,8,10,47,1
2,2,2,2,2,2,2,2,2,1,2,0,12,5,0,0,0,0,3,1,0,40,62,2
2,2,2,2,2,2,1,2,2,1,2,0,12,5,0,0,0,0,3,1,0,20,64,2
2,2,2,2,2,2,2,2,2,1,2,0,0,1,3,4,0,0,3,3,99,1,52,2
2,2,2,2,2,2,2,2,2,1,1,1,0,1,3,0,0,0,3,2,5,12,47,2
2,2,2,2,2,2,2,2,2,1,2,0,0,2,0,0,0,0,5,0,0,20,49,1
2,2,2,2,2,2,2,2,2,1,2,0,12,5,0,0,0,0,3,1,0,3,73,2
2,2,2,2,2,2,2,2,1,1,2,0,12,5,0,0,0,0,3,3,0,6,46,2
2,2,2,2,2,2,2,2,2,1,2,0,12,1,2,0,0,0,3,3,7,0,41,2
2,2,2,1,1,2,2,2,2,1,2,0,12,1,3,0,0,0,3,1,0,4,62,2
2,2,2,2,2,2,2,2,2,1,2,0,11,2,0,0,0,0,1,2,0,17,78,1
2,2,2,2,2,2,2,2,2,1,2,0,11,2,0,0,0,0,2,11,0,5,43,2
2,2,2,2,2,2,2,2,2,2,0,0,5,1,0,0,0,0,3,1,0,0,42,1
2,2,2,2,2,2,2,2,2,1,2,0,12,1,2,0,0,0,4,12,0,4,44,1
2,2,2,2,2,2,2,2,2,1,2,0,1,5,0,0,0,0,2,1,0,7,78,2
2,2,2,2,2,2,2,2,2,1,1,1,2,1,0,0,0,0,4,2,0,30,72,2
2,2,2,2,2,2,2,2,2,1,2,0,12,1,0,0,0,0,2,1,0,25,75,2
2,2,1,2,2,2,1,1,2,1,1,1,4,1,3,0,0,0,4,4,0,7,83,2
2,2,2,2,2,2,2,2,2,1,1,1,0,1,0,0,0,0,3,2,0,8,33,1
2,2,2,2,2,2,2,2,2,1,2,0,12,5,0,0,0,0,4,12,0,40,68,2
2,2,2,2,2,2,2,2,2,1,2,0,12,1,0,0,0,0,3,1,0,3,41,2
2,1,1,2,2,1,2,1,2,1,1,1,12,1,2,3,0,0,3,1,0,12,74,1
2,2,2,2,2,2,2,2,2,1,2,0,0,2,0,0,0,0,3,2,1,12,67,1
2,2,2,2,2,2,2,2,2,1,2,0,4,5,0,0,0,0,4,4,0,2,74,2
2,2,2,2,2,2,2,2,2,1,2,0,0,1,2,0,0,0,3,1,0,25,38,2
2,2,2,2,2,2,2,2,1,1,2,0,12,1,0,0,0,0,3,1,0,16,60,2
2,2,2,2,2,2,2,2,2,1,2,0,0,5,0,0,0,0,5,0,0,20,85,2
2,2,2,2,2,2,2,2,2,1,2,0,0,5,0,0,0,0,5,0,0,23,70,2
2,2,2,2,2,2,2,2,2,1,2,0,12,1,0,0,0,0,3,1,0,20,62,2
2,2,2,2,2,2,2,2,2,1,2,0,0,1,0,0,0,0,3,1,0,17,47,2
0,0,0,0,0,2,2,2,0,1,2,0,12,1,0,0,0,0,4,12,0,2,43,2
2,2,2,2,2,2,2,2,2,1,2,0,1,1,0,0,0,0,4,1,0,2,66,1
2,2,2,2,2,2,2,2,2,1,1,3,12,1,2,0,0,0,3,1,0,5,50,2
2,2,2,2,2,2,2,2,2,1,2,0,0,3,4,0,0,0,1,1,1,20,62,2
2,2,2,2,2,2,2,2,2,1,2,0,0,5,0,0,0,0,3,12,0,18,58,2
0,0,0,0,0,2,2,2,0,2,0,0,6,5,0,0,0,0,3,1,0,0,23,2
2,2,2,2,2,2,2,2,2,2,0,0,0,2,0,0,0,0,3,3,0,0,41,1
2,2,2,2,2,2,2,2,2,1,2,0,12,5,0,0,0,0,3,1,0,2,42,2
2,2,2,2,2,2,2,2,2,1,2,0,11,5,0,0,0,0,3,11,0,2,61,1
2,2,2,2,2,2,2,2,1,1,1,2,2,1,0,0,0,0,4,2,0,1,61,2
2,2,2,2,2,2,2,2,2,1,2,0,12,1,3,0,0,0,3,1,0,5,73,1
2,2,2,2,2,2,2,2,2,1,1,3,5,1,3,0,0,0,4,5,0,20,86,1
2,2,2,2,2,2,2,2,2,1,2,0,12,1,0,0,0,0,3,1,0,1,43,2
2,2,2,2,2,2,2,2,2,1,2,0,12,1,0,0,0,0,3,1,0,30,91,2
2,2,2,2,2,2,2,2,2,1,2,0,12,1,0,0,0,0,4,12,0,13,64,2
2,2,2,2,2,2,2,2,2,1,2,0,12,1,0,0,0,0,3,1,0,10,59,2
2,2,2,2,2,2,2,2,2,1,1,1,0,1,2,0,0,0,3,4,0,15,58,2
2,2,2,2,2,2,2,2,2,1,2,0,1,5,0,0,0,0,3,1,0,1,28,2
2,2,2,2,2,2,2,2,2,1,1,2,0,5,0,0,0,0,3,1,9,7,45,1
2,2,2,2,2,2,2,2,2,1,1,1,8,3,0,0,0,0,4,8,0,2,41,2
2,2,2,2,2,2,2,2,2,1,2,0,11,1,0,0,0,0,3,1,11,2,68,2
2,2,2,2,2,2,2,2,2,2,0,0,1,5,0,0,0,0,4,1,0,0,72,1
2,2,2,2,2,2,2,2,2,1,2,0,0,1,0,0,0,0,3,1,0,10,84,1
0,0,0,0,0,2,2,2,0,2,0,0,0,5,0,0,0,0,5,0,0,0,27,2
2,2,2,2,2,2,2,2,2,1,2,0,12,1,2,0,0,0,1,2,0,11,73,2
2,2,2,2,2,1,1,2,2,1,2,0,3,3,0,0,0,0,3,2,0,7,64,1
2,2,2,2,2,2,2,2,2,1,2,0,12,3,0,0,0,0,3,2,0,5,54,2
2,2,2,2,2,2,2,2,2,1,2,0,12,5,0,0,0,0,3,1,99,9,78,1
2,2,2,2,2,2,2,2,2,1,2,0,12,1,2,3,0,0,3,4,0,26,60,1
2,2,2,2,2,2,2,2,2,2,0,0,0,1,2,0,0,0,3,3,0,0,36,1
2,2,2,2,2,2,2,2,2,1,1,1,0,1,3,0,0,0,2,2,0,12,65,2
2,2,2,2,2,2,2,2,2,1,2,0,3,1,3,0,0,0,3,2,0,20,76,1
2,2,2,2,2,2,2,2,2,1,2,0,12,1,3,0,0,0,3,2,0,10,81,1
2,2,2,2,2,2,2,1,1,1,1,2,12,1,0,0,0,0,3,1,0,5,31,2
2,2,2,2,2,2,2,2,2,2,0,0,1,3,0,0,0,0,3,1,0,0,26,2
2,2,2,2,2,2,2,2,2,1,1,1,2,5,0,0,0,0,3,1,6,0,46,2
2,2,2,2,2,2,2,2,2,1,2,0,12,5,0,0,0,0,3,1,0,20,82,2
0,0,0,0,0,2,2,2,0,2,0,0,0,5,0,0,0,0,5,0,0,0,28,2
2,2,2,2,2,2,2,2,2,1,2,0,1,5,0,0,0,0,3,1,0,1,64,2
2,2,2,1,2,2,2,2,1,1,1,1,4,5,0,0,0,0,4,5,0,7,48,2
2,2,2,2,2,2,2,2,2,1,2,0,1,1,2,0,0,0,3,1,0,17,67,1
2,2,2,2,2,2,2,2,2,1,2,0,4,1,2,3,0,0,3,1,0,29,60,2
2,2,2,2,2,2,2,2,2,1,2,0,1,5,0,0,0,0,4,1,0,10,66,2
2,2,2,2,2,2,2,2,2,1,2,0,12,5,0,0,0,0,3,2,0,10,71,2
2,2,2,2,2,2,2,2,2,1,2,0,0,5,0,0,0,0,5,0,0,15,48,2
2,2,2,2,2,2,2,2,2,1,2,0,1,2,0,0,0,0,3,1,1,20,63,2
2,2,2,2,2,2,2,2,2,1,2,0,12,5,0,0,0,0,3,1,0,3,60,2
2,2,2,2,2,2,2,2,2,1,2,0,12,1,2,0,0,0,3,1,0,5,68,1
2,2,2,2,2,2,2,2,2,1,1,2,0,5,0,0,0,0,4,1,1,1,35,2
2,2,2,2,2,2,2,2,2,1,2,0,0,1,2,0,0,0,3,1,1,10,57,2
2,2,2,2,2,2,2,2,2,1,2,0,0,3,4,0,0,0,2,2,99,3,64,2
2,2,2,2,2,2,2,2,1,1,2,0,12,5,0,0,0,0,3,1,0,38,65,1
2,2,2,2,2,2,2,2,2,1,2,0,0,2,0,0,0,0,1,1,8,3,35,2
0,0,0,0,0,2,2,2,0,2,0,0,0,5,0,0,0,0,4,2,0,0,35,2
2,2,2,2,2,2,2,2,1,1,2,0,12,1,0,0,0,0,3,1,11,15,99,1
2,2,2,2,2,2,1,2,1,1,2,0,6,1,0,0,0,0,2,1,11,2,62,1
2,2,2,2,2,2,2,2,2,1,2,0,12,5,0,0,0,0,3,1,0,3,54,1
2,2,2,2,2,2,2,2,2,1,1,2,12,1,2,3,0,0,3,12,0,12,56,2
2,2,2,2,2,2,2,2,1,1,1,1,1,5,0,0,0,0,2,1,0,10,70,2
2,2,2,2,2,2,2,2,2,1,1,1,12,1,0,0,0,0,1,2,11,6,58,1
2,2,2,2,2,2,2,2,2,1,2,0,5,1,3,0,0,0,1,1,0,40,61,2
2,2,2,2,2,2,2,2,2,1,2,0,99,1,0,0,0,0,1,1,99,99,67,2
2,2,2,2,2,2,2,2,2,2,0,0,1,1,3,0,0,0,3,1,0,0,65,2
2,2,2,2,2,2,2,2,2,1,2,0,12,2,0,0,0,0,3,2,0,28,69,2
2,2,2,2,2,1,2,2,2,1,2,0,11,5,0,0,0,0,3,1,0,1,51,2
2,2,2,2,2,2,2,2,2,1,2,0,24,5,0,0,0,0,3,1,10,0,32,2
0,0,0,0,0,2,2,2,0,2,0,0,0,5,0,0,0,0,4,1,0,0,23,2
2,2,2,2,2,2,2,2,2,1,1,2,0,5,0,0,0,0,4,2,0,3,54,2
2,2,2,2,2,2,2,2,2,1,1,1,0,5,0,0,0,0,3,1,0,3,57,2
2,1,1,1,2,1,1,1,1,1,2,0,0,5,0,0,0,0,2,1,0,2,87,2
2,2,2,2,2,2,2,2,2,2,0,0,3,5,0,0,0,0,3,1,0,0,52,2
2,2,2,2,2,2,2,2,2,2,0,0,0,5,0,0,0,0,4,4,0,0,61,1
2,2,2,2,2,2,2,2,1,1,1,2,0,5,0,0,0,0,2,1,0,20,80,2
2,2,2,2,2,2,2,2,2,1,2,0,0,1,0,0,0,0,5,0,0,30,83,2
2,2,2,2,2,2,2,2,1,2,0,0,0,1,2,0,0,0,3,2,0,0,47,2
2,2,2,2,2,2,2,2,2,1,2,0,10,1,0,0,0,0,3,1,1,2,77,1
2,1,1,2,2,2,2,2,1,1,1,2,10,5,0,0,0,0,2,1,0,14,49,2
2,2,2,2,2,2,2,2,1,1,2,0,25,5,0,0,0,0,2,1,0,2,75,1
2,2,2,2,2,2,2,2,2,1,2,0,0,5,0,0,0,0,4,6,0,6,66,1
2,2,2,2,2,2,2,2,2,1,2,0,12,5,0,0,0,0,5,0,0,25,65,2
2,2,2,2,2,2,2,2,1,1,1,2,2,5,0,0,0,0,4,3,11,35,55,2
2,2,2,2,2,2,2,1,1,2,0,0,0,1,0,0,0,0,4,1,0,0,74,2
2,2,1,2,1,2,2,2,2,1,2,0,6,1,0,0,0,0,1,1,3,0,72,2
2,2,2,2,2,2,2,2,1,1,2,0,0,1,3,0,0,0,3,1,0,20,73,2
2,2,2,2,2,2,2,2,2,1,2,0,6,5,0,0,0,0,2,2,1,1,31,2
2,2,2,2,2,2,2,2,2,1,2,0,12,5,0,0,0,0,2,3,1,20,83,2
2,2,2,2,2,2,2,2,2,1,1,1,3,3,0,0,0,0,4,3,0,3,51,2
2,2,2,2,2,2,2,2,2,2,0,0,0,5,0,0,0,0,5,0,0,0,52,2
2,2,2,2,2,2,2,2,2,1,2,0,1,5,0,0,0,0,5,0,11,7,51,2
2,2,2,2,2,2,2,2,2,2,0,0,0,5,0,0,0,0,4,1,0,0,39,2
2,2,2,2,2,2,2,2,2,1,2,0,11,1,3,0,0,0,2,2,11,8,58,1
2,2,2,2,2,2,2,2,2,1,2,0,0,5,0,0,0,0,5,0,0,1,68,2
2,2,2,2,2,2,2,2,2,1,2,0,12,1,0,0,0,0,3,1,0,8,58,2
2,2,2,2,2,2,2,2,2,1,2,0,0,3,0,0,0,0,4,12,0,20,68,2
2,2,2,2,2,2,2,2,2,1,2,0,12,3,4,0,0,0,3,1,5,30,62,2
2,2,2,2,2,2,2,2,2,1,1,4,12,1,4,0,0,0,1,2,0,16,59,1
2,2,2,2,2,2,2,2,2,1,2,0,0,2,0,0,0,0,3,1,0,10,63,1
2,2,2,2,2,2,2,2,2,2,0,0,1,5,0,0,0,0,4,1,0,0,59,2
2,2,2,2,2,2,2,2,2,1,1,3,6,3,0,0,0,0,3,5,0,3,28,2
2,2,2,2,2,1,2,2,1,1,2,0,3,1,2,0,0,0,3,1,0,16,63,2
2,2,2,2,2,1,2,2,2,1,1,3,1,5,0,0,0,0,4,5,3,0,53,1
2,2,2,2,2,2,2,2,2,2,0,0,0,4,0,0,0,0,4,1,0,0,25,2
2,2,2,2,2,2,2,2,2,1,2,0,0,3,0,0,0,0,2,2,0,1,49,2
2,2,2,2,2,2,2,2,2,1,2,0,4,3,0,0,0,0,3,1,0,1,62,1
0,0,0,0,0,2,2,2,0,2,0,0,1,5,0,0,0,0,4,1,0,0,35,2
2,2,2,2,2,2,2,2,1,1,2,0,5,5,0,0,0,0,4,5,0,3,80,1
2,2,2,2,2,2,2,2,2,1,2,0,0,1,0,0,0,0,1,2,8,0,30,2
2,2,2,2,2,2,2,2,1,1,1,1,1,5,0,0,0,0,1,1,0,22,68,2
2,2,2,2,2,2,2,2,2,2,0,0,1,5,0,0,0,0,3,1,0,0,23,2
2,2,2,2,2,2,2,2,1,2,0,0,0,5,0,0,0,0,5,0,0,0,52,2
2,2,2,2,2,2,2,2,2,1,2,0,0,4,0,0,0,0,3,12,0,4,77,1
2,2,2,2,2,2,2,2,2,1,2,0,2,5,0,0,0,0,4,2,0,21,43,2
2,2,2,2,2,2,2,2,2,1,2,0,8,5,0,0,0,0,3,1,8,23,58,2
0,0,0,0,0,2,2,2,0,2,0,0,0,5,0,0,0,0,3,9,0,0,38,2
2,2,2,2,2,2,2,2,2,1,2,0,7,5,0,0,0,0,3,1,8,2,55,2
2,2,2,2,2,2,2,2,1,2,0,0,0,2,0,0,0,0,3,3,0,0,70,1
2,2,2,2,2,2,2,2,2,1,2,0,12,1,2,0,0,0,3,12,0,3,67,1
2,2,2,2,2,2,2,2,2,1,1,2,0,5,0,0,0,0,5,0,0,2,60,2
2,2,2,2,2,2,2,2,2,1,2,0,4,5,0,0,0,0,3,20,0,3,56,2
2,2,2,2,2,2,2,2,2,1,2,0,12,5,0,0,0,0,3,1,0,6,72,2
0,0,0,0,0,2,2,2,0,2,0,0,1,5,0,0,0,0,4,1,0,0,35,2
2,2,2,2,2,2,2,2,2,1,1,1,5,5,0,0,0,0,2,1,1,0,48,2
2,2,2,2,2,2,2,2,2,1,2,0,12,3,0,0,0,0,3,1,0,15,59,2
2,2,2,2,2,2,2,2,2,1,2,0,0,1,2,3,0,0,2,2,0,23,64,2
2,1,2,2,2,1,2,2,2,1,2,0,12,5,0,0,0,0,3,1,0,15,62,2
2,2,2,2,2,2,2,2,2,1,2,0,12,1,0,0,0,0,3,12,0,15,70,2
2,2,2,2,2,2,2,2,2,1,2,0,12,1,0,0,0,0,3,1,0,2,65,2
2,1,2,2,2,1,2,2,1,2,0,0,0,5,0,0,0,0,4,12,0,0,67,1
2,2,2,1,1,2,1,2,1,1,1,2,1,1,0,0,0,0,2,2,0,1,40,2
2,2,2,2,2,2,2,2,2,1,1,2,1,5,0,0,0,0,3,1,0,6,59,1
2,2,2,2,2,2,2,2,2,2,0,0,1,5,0,0,0,0,4,1,0,0,46,2
2,2,2,2,2,2,2,2,2,1,2,0,12,1,4,0,0,0,3,1,0,20,63,2
2,2,2,1,1,2,2,2,2,1,2,0,12,5,0,0,0,0,3,1,6,1,32,2
2,2,2,2,2,2,2,2,2,2,0,0,1,5,0,0,0,0,4,1,0,0,46,1
2,2,2,2,2,2,2,2,2,2,0,0,0,5,0,0,0,0,3,2,0,0,53,2
2,2,2,2,2,2,2,2,2,1,2,0,2,5,0,0,0,0,3,3,0,1,46,1
2,2,2,2,2,2,2,2,1,1,1,2,12,1,2,0,0,0,3,12,0,20,70,2
2,2,2,2,2,2,2,2,2,1,2,0,1,1,2,3,0,0,3,1,1,0,38,2
2,2,2,2,2,2,2,2,2,1,2,0,0,5,0,0,0,0,3,1,0,13,62,2
2,2,2,2,2,2,2,2,2,1,2,0,1,1,3,0,0,0,2,2,0,1,43,2
2,2,2,2,2,2,2,2,1,1,1,1,12,1,3,0,0,0,3,12,0,20,83,1
2,2,2,2,2,2,2,2,1,1,1,2,0,5,0,0,0,0,5,0,0,3,59,1
2,2,2,2,2,2,2,2,2,1,1,1,12,3,0,0,0,0,2,2,0,20,66,1
2,2,2,2,2,2,2,2,2,1,2,0,1,3,0,0,0,0,3,1,11,16,70,2
2,2,1,2,2,2,2,1,2,1,2,0,4,5,0,0,0,0,2,1,0,6,87,2
2,2,2,2,2,2,2,2,2,1,2,0,2,5,0,0,0,0,2,3,0,4,58,2
2,2,2,2,2,2,2,2,2,1,2,0,0,5,0,0,0,0,4,3,0,2,40,2
2,2,2,2,2,2,2,2,1,1,2,0,0,3,0,0,0,0,4,1,0,6,68,2
2,2,2,1,1,2,1,2,2,1,2,0,12,1,0,0,0,0,3,12,0,3,47,2
2,2,2,2,2,2,2,2,1,1,2,0,3,3,0,0,0,0,3,8,8,0,58,2
2,2,2,2,2,2,2,2,2,1,1,1,0,1,0,0,0,0,3,1,0,2,70,2
2,2,2,2,2,2,2,2,2,1,1,2,12,2,3,0,0,0,3,1,0,4,55,1
0,0,0,0,0,2,2,2,0,2,0,0,0,5,0,0,0,0,3,6,0,0,26,2
2,2,2,2,1,2,1,2,1,1,2,0,5,3,0,0,0,0,4,3,0,10,71,2
2,2,2,2,2,2,2,2,2,1,1,2,12,2,0,0,0,0,3,1,0,16,62,2
2,2,2,2,2,2,2,2,2,1,1,2,12,5,0,0,0,0,3,12,0,30,82,2
2,2,2,2,2,2,2,2,2,2,0,0,0,5,0,0,0,0,5,0,0,0,57,2
2,2,2,2,2,2,2,2,2,1,2,0,2,1,4,0,0,0,4,2,8,20,70,2
2,2,2,2,2,2,1,2,2,1,2,0,2,5,0,0,0,0,3,1,6,0,62,2
2,2,2,2,2,2,2,2,2,1,2,0,12,5,0,0,0,0,5,0,0,33,72,2
2,2,2,2,2,2,2,2,2,1,2,0,6,5,0,0,0,0,3,1,0,13,63,2
2,2,2,2,2,2,2,2,2,2,0,0,0,5,0,0,0,0,5,0,0,0,34,2
2,2,2,2,2,2,2,2,2,1,1,1,3,5,0,0,0,0,3,15,6,0,60,1
2,2,2,2,2,2,2,2,1,2,0,0,0,5,0,0,0,0,4,3,0,0,51,2
2,2,2,2,2,2,2,2,2,1,2,0,1,5,0,0,0,0,2,2,0,3,68,2
2,2,2,2,2,2,2,2,2,1,2,0,4,3,0,0,0,0,3,4,0,15,61,2
2,2,2,1,2,2,1,2,1,1,1,4,7,5,0,0,0,0,1,3,0,10,44,2
0,0,0,0,0,2,2,2,0,2,0,0,0,5,0,0,0,0,5,0,0,0,26,2
2,2,2,2,2,2,2,2,2,1,1,1,2,5,0,0,0,0,2,2,0,5,59,1
2,2,2,2,2,2,2,1,2,2,0,0,0,5,0,0,0,0,5,0,0,0,46,1
2,2,2,2,2,2,2,2,2,2,0,0,0,1,0,0,0,0,4,6,0,0,51,2
2,2,2,2,2,2,2,2,2,2,0,0,12,2,3,0,0,0,4,12,0,0,50,1
2,2,2,2,2,2,2,2,2,1,2,0,12,3,0,0,0,0,3,1,8,0,59,2
2,2,2,2,2,2,2,2,2,2,0,0,0,5,0,0,0,0,4,4,0,0,35,2
2,2,2,2,2,2,2,2,2,2,0,0,1,1,0,0,0,0,4,1,0,0,73,1
2,2,2,2,2,2,2,2,2,1,2,0,12,5,0,0,0,0,4,12,0,7,67,2
2,1,2,2,2,1,1,2,2,1,2,0,0,5,0,0,0,0,4,6,6,0,73,2
2,2,2,2,2,2,2,2,2,1,1,1,12,2,0,0,0,0,3,12,0,3,54,1
2,2,2,2,2,2,2,2,2,1,2,0,12,1,3,0,0,0,4,12,2,2,77,2
2,2,2,1,2,2,1,2,1,1,2,0,3,1,2,0,0,0,3,3,1,1,78,2
2,2,2,2,2,2,2,2,2,1,2,0,12,1,0,0,0,0,3,1,0,1,49,1
2,1,2,2,2,2,2,2,1,1,1,1,10,1,0,0,0,0,4,12,0,4,73,2
2,1,2,2,2,2,2,2,2,1,1,1,4,5,0,0,0,0,3,1,0,40,79,1
2,2,2,2,2,2,2,2,2,1,2,0,9,2,0,0,0,0,3,2,8,16,74,1
2,2,2,2,2,2,2,2,2,1,2,0,12,3,0,0,0,0,4,12,0,8,55,2
2,2,2,2,2,2,2,2,1,1,1,2,3,5,0,0,0,0,4,3,0,15,71,2
2,2,2,2,2,2,2,2,2,1,2,0,0,5,0,0,0,0,5,0,0,2,59,2
2,2,2,2,2,2,2,2,2,2,0,0,0,5,0,0,0,0,5,0,0,0,74,2
2,2,2,2,2,2,2,2,2,1,2,0,3,5,0,0,0,0,3,3,3,0,48,2
2,2,2,2,2,1,2,2,2,1,2,0,0,1,0,0,0,0,2,1,0,5,37,2
2,2,2,2,2,2,2,2,2,1,2,0,0,1,3,0,0,0,5,0,0,6,69,1
2,2,2,2,2,2,2,2,2,1,2,0,12,5,0,0,0,0,3,1,0,10,50,2
2,2,2,2,2,2,2,2,2,1,2,0,6,5,0,0,0,0,4,6,0,2,81,2
2,2,2,2,2,2,2,2,2,1,1,2,0,5,0,0,0,0,4,1,0,1,39,1
2,2,2,2,2,2,1,2,2,1,1,2,4,1,0,0,0,0,1,1,0,4,46,2
2,2,2,2,2,2,2,2,2,2,0,0,0,5,0,0,0,0,4,3,0,0,29,1
2,2,2,2,2,2,1,2,2,1,1,2,0,1,2,3,0,0,5,0,0,10,46,2
2,2,2,2,2,2,2,2,2,1,2,0,2,5,0,0,0,0,3,2,1,0,38,2
2,2,2,2,2,2,2,2,2,1,1,3,0,5,0,0,0,0,3,2,0,3,41,1
2,2,2,2,2,2,2,2,2,1,2,0,0,1,2,0,0,0,3,1,0,7,43,1
2,2,2,2,2,2,2,2,1,1,2,0,0,5,0,0,0,0,4,4,0,2,45,2
2,2,2,2,2,2,2,2,2,1,2,0,12,2,0,0,0,0,3,1,0,6,56,1
2,2,2,2,2,2,2,2,2,2,0,0,0,5,0,0,0,0,3,2,0,0,48,1
